PSNR_LDCT,PSNR_ENH,SSIM_LDCT,SSIM_ENH
30.509893,28.332796,0.9878941769732116,0.9882306705042703
30.40018,28.116226,0.986739295657896,0.9875075151188579
30.285336,27.880596,0.9851599179177316,0.9853985828449164
30.22934,27.938705,0.9849198828181362,0.985032733839311
30.382833,27.769512,0.9844980387257175,0.9841777875927057
30.369804,27.872787,0.9845994197009222,0.9850204060953741
30.032913,27.944885,0.9840160653414844,0.9858249125447232
30.246288,27.672321,0.9854843363615854,0.9860852027368112
29.823378,27.327122,0.9837587913784769,0.9847378519282848
29.582188,27.405296,0.9803743846232023,0.9826179515022105
29.696213,27.140877,0.9821382905429991,0.9836551175252432
29.814512,27.479609,0.9774173088964806,0.9808241550603488
30.18655,27.832241,0.977848800975416,0.9807386166063434
30.02082,27.535595,0.9746730699177267,0.977617714863227
29.906536,27.245235,0.9718326934268732,0.9747685104204399
29.88822,26.999298,0.9687136678524274,0.9701218064099485
29.951727,26.864895,0.9721416884193402,0.9730916885372554
30.023157,26.93225,0.976439986609181,0.9773083457652809
29.929878,27.20591,0.9742481798431999,0.9754582573136432
29.914228,27.184498,0.9708119933590555,0.9726404707082834
29.974916,27.056335,0.9705419407865278,0.9709878358817392
30.047482,26.8318,0.9717156618925963,0.9730537778622729
30.030876,26.967232,0.9718805092685421,0.9727703825107943
29.994999,27.393215,0.9683915913852525,0.9715083724180225
30.03305,27.230227,0.96957321185623,0.9724000862252989
30.150892,27.360971,0.9670126885857803,0.9695267909758166
30.088684,27.388817,0.9704081806035132,0.9716703143349621
30.075026,27.37129,0.9684087894799313,0.9692706457896793
30.1822,27.511822,0.9674882363769483,0.9699431887545211
30.087746,27.68337,0.9703851550938312,0.9745509144393136
29.778387,27.580677,0.9676748682873,0.9732448031295353
30.12501,27.464094,0.9747865705616922,0.9758157743955761
29.934185,26.966602,0.975956081960928,0.9765090871336966
30.190296,27.712954,0.9781305981856792,0.9800651377024281
30.23816,27.994164,0.9757775325193031,0.9785574054440266
30.219067,27.787134,0.9713325697801967,0.9752877470939361
30.18996,27.3339,0.9753785174557734,0.9765219030993657
30.15306,27.116472,0.9759437745989136,0.9763761818457621
30.104294,27.193031,0.9743756893010428,0.9761226003456382
30.145063,26.99547,0.9758911328207931,0.978482842241057
30.125294,27.236233,0.9739226192375858,0.9781696645997197
30.170925,27.769363,0.9729599436668602,0.976811342298585
30.271393,27.78241,0.9743075591690508,0.9773390861229709
30.289679,28.070518,0.9748122960691755,0.9778406086806686
30.28712,27.6808,0.978451911807172,0.9811968364262775
30.29395,27.45312,0.9784750980547292,0.9801094999700442
30.339977,27.336042,0.9848994805601772,0.985729162964785
30.321064,27.728682,0.9877457697186062,0.9881595303208391
30.422657,27.645435,0.9879949528774414,0.987986957802562
30.479736,27.851536,0.9842158255398168,0.9858145697113379
30.378284,27.770338,0.9844526353968053,0.9853372482720306
30.383045,27.200594,0.9868175892992789,0.9873077437896428
30.474731,27.063868,0.9891320629432306,0.9886184386926119
30.437637,28.249254,0.9852323305253409,0.9868158192933792
30.537588,28.462744,0.9875847087110978,0.9892544120634661
30.658255,28.52,0.9809570605963877,0.9832848669656798
30.590572,28.368927,0.9818850129877212,0.9836186260726664
30.529089,28.175375,0.9856544063894347,0.9869409830940667
30.44914,27.78048,0.9870833693396284,0.9887968746339085
30.389244,28.047266,0.9860593260281353,0.9879387222792292
30.429733,28.044699,0.9791920136047905,0.9807782209054176
30.316998,28.121157,0.9792461281675754,0.9806734339402848
30.41235,28.073175,0.9815513764610543,0.9828569301999425
30.467203,28.23384,0.9722785490301314,0.9750208048791796
30.445614,28.309717,0.9734644237063885,0.9763687726346335
30.376635,28.117525,0.9730726636793835,0.9754250993928788
30.44218,28.107882,0.9792752041073006,0.9806109801645756
30.418613,28.115963,0.9696171495790923,0.9726442205212805
30.268553,27.996092,0.9716441445627635,0.9745092644894551
30.319803,28.005095,0.9662028609946594,0.9693232660813678
30.219385,28.014435,0.9651924337735522,0.9684299084622914
30.136469,27.73883,0.9613259805598293,0.9653954928194278
30.007162,27.816784,0.9593876950974967,0.9652251220362966
30.050446,28.063753,0.9600841051462881,0.9658286988765579
30.162592,27.950226,0.9604697812566095,0.9654422098564334
30.27733,28.030869,0.9565960207938655,0.962086845851061
29.908165,27.733355,0.9535173566403738,0.9617066341395338
29.835533,27.767172,0.9510481383142075,0.961503845934991
29.834156,27.709969,0.9539951283337628,0.9640501263207178
29.783907,27.684258,0.9542370714736917,0.9651074604983889
29.712936,27.537113,0.9538261665411036,0.9638331391107148
29.735212,27.66166,0.9484114851740605,0.9589164950023744
29.774122,27.708813,0.9487205258720315,0.9582970380866539
29.829956,27.844501,0.9497704687805415,0.9597016832190781
29.738708,27.696753,0.9500970654994485,0.9604932254653153
29.776001,27.665712,0.9500972040111765,0.9602001645549193
29.77921,27.69794,0.9483327897828546,0.9579206405847971
29.770605,27.918339,0.9479591264573729,0.958674753360266
29.828474,28.130844,0.9470482829808453,0.9584510184273434
29.83194,28.379597,0.9458511313072717,0.9578600372301355
29.721352,28.37285,0.9436608118058684,0.9569788388503423
29.853096,28.609463,0.9496988130089364,0.9614283462727391
29.768887,28.410942,0.945429936449686,0.9591783735939006
29.706717,28.354473,0.944619248851883,0.9589994674727674
29.787905,28.368795,0.951543059590567,0.9624988117177967
29.815437,28.390232,0.9490665933253021,0.9605619181631677
29.901228,28.549458,0.9487456123391349,0.9604186851264539
30.146368,28.809288,0.9518938826351636,0.9629047464466263
30.047464,28.653898,0.9525718732610378,0.9624399993424382
30.163136,28.609734,0.9552070886450392,0.9647523362307269
30.299297,28.735445,0.9573073004312749,0.9657171388317503
30.270988,28.65617,0.9584441033625958,0.9671777557174208
30.231153,28.424847,0.9607822132861555,0.9679937076195615
30.264576,28.58945,0.9622292085310143,0.9697962349476295
30.358952,28.47312,0.9592163230080842,0.9657456352258598
30.340542,28.453283,0.960969527285585,0.9666748801469044
30.205032,28.207253,0.9573988770334299,0.9645623464930168
30.201914,28.108295,0.9610404072554314,0.9668366141815992
30.15419,28.245,0.9617213362669566,0.9685477368740453
30.338593,28.16704,0.9612582613977377,0.9679550114698928
30.329239,28.403652,0.962893733127451,0.969239586333862
30.28861,28.218746,0.9592835603374654,0.9664406025975072
30.195797,28.359367,0.9556489256092408,0.964515383265765
30.16109,28.072628,0.9573320376661916,0.9655328105832085
30.183924,27.841675,0.9588299907487154,0.9655212684398434
30.265942,27.91563,0.9581636799956171,0.965154060222884
30.280304,27.97164,0.9622482436315285,0.9679721108957396
30.282253,27.927692,0.9649759977056087,0.9702717391774786
30.221676,27.660429,0.9646221153632129,0.9675369536242746
30.205717,27.471983,0.964169501796197,0.9678384285782704
30.091099,27.449028,0.9675491293415174,0.9703422448881411
30.15273,27.629892,0.974575620128368,0.9772402076354004
30.107584,27.546246,0.9748718327178145,0.9768448366438102
29.964066,26.957607,0.9841525678380921,0.9842223140927847
30.089771,27.349949,0.9811698832826635,0.9817163380816416
30.119976,27.701298,0.9810036722529394,0.9819795806666562
30.306437,28.212563,0.9714116592148001,0.9752414880716798
30.273579,28.340342,0.9715393767612052,0.9749490928875204
30.269854,28.438095,0.9718846554022823,0.975260926099276
30.228485,28.12937,0.9697087722227368,0.9734422671403837
30.233107,27.970097,0.9730658953199772,0.9754101332155365
30.265652,28.14666,0.9663675178876758,0.9703068396123964
30.318382,28.387163,0.9657216337717734,0.972184945107932
30.284992,28.30456,0.9742817967831199,0.9780906408402574
30.22951,28.241446,0.9618962452818498,0.9689438629507083
30.269804,27.800179,0.9734984695827368,0.9768733967400404
30.13788,27.087776,0.9805540056686849,0.981587117626232
30.168251,27.663635,0.9708510769723219,0.9734531460081757
30.230177,27.897522,0.967788785769361,0.9711766561174956
30.154194,27.871456,0.9649389118942526,0.9686808865500209
30.24433,27.796938,0.9721151392882286,0.9741912064591519
30.19966,27.566269,0.979609456594763,0.9803346604183073
30.22791,27.809687,0.9710275081335329,0.9736751882448809
30.228521,28.149302,0.9650234538883636,0.970972262694099
30.168228,27.847092,0.973836670551591,0.9767102034452502
30.138035,27.340668,0.9768734016237913,0.9779909148148355
30.160725,27.505457,0.9736259838423857,0.9765585990768342
30.191715,27.654352,0.9631916744795634,0.9689837107630274
30.273531,27.637245,0.9661001006572301,0.9691313355534891
30.242643,27.53341,0.9644201586871841,0.965811668801091
30.23614,27.603855,0.9630794373826681,0.9651293966653037
30.273838,27.64658,0.9635808936818913,0.9656826893498887
30.213356,27.532423,0.9644769701245537,0.9674425813247074
30.190058,27.497952,0.9629491942125327,0.9676444754966516
30.22702,27.468658,0.9620278604466798,0.9671056059129239
30.188774,27.573406,0.9602378754717801,0.9666157092425748
30.185028,27.472511,0.9608287955357921,0.9662728605370242
30.279799,27.689798,0.9606703920369752,0.9665141321369379
30.285036,27.750984,0.9608099029326225,0.9678722935679681
30.268314,27.64775,0.9610137071056406,0.9681336389129589
30.232527,27.613657,0.9605487550489112,0.9674422874062926
30.243322,27.59536,0.960854038571011,0.9661701338489028
30.332855,27.693016,0.9619547044658275,0.9656788134405088
30.224592,27.538414,0.9604741799299843,0.9659365304486615
30.296926,27.492733,0.9616457115129612,0.9663708445372254
30.233667,27.550499,0.9610586340546098,0.9649391648715472
30.260475,27.730368,0.9610279045889518,0.9643703309689928
30.092346,27.48065,0.9595061803572152,0.96254958886506
30.14144,27.546865,0.9610110068730044,0.9636236558118171
30.282831,27.762897,0.9631033208598387,0.9669770131995716
30.233057,27.913815,0.9615703216431489,0.9666631225851605
30.160368,27.867544,0.9622260817374197,0.9673066966527916
30.03461,27.830181,0.9627250020147612,0.9691326675530376
30.071276,27.54486,0.9660240992300531,0.970108599205689
29.993288,27.390163,0.9647442357345959,0.9692850356029384
30.067417,27.299576,0.9683056345380033,0.970783585750692
29.929678,27.305258,0.9671527239300062,0.9708294153612633
29.905617,27.257261,0.9711257315304718,0.9751422311437004
29.90553,27.362072,0.9708925929077006,0.9740290449557617
30.110615,27.504112,0.9750234854849154,0.9766472117836926
30.170963,27.506922,0.9815943299301402,0.9825998321767464
30.177788,27.50706,0.9795589772343755,0.980842187516343
30.199844,27.605486,0.9761522013045298,0.9772810305276869
30.276844,27.798079,0.9764571199145727,0.9771027019281663
30.221453,27.365429,0.9747490564165053,0.975066392557844
30.31551,27.767637,0.9833797145185066,0.9842251229921081
30.109356,27.229065,0.9839981559178452,0.984342076302098
29.961086,26.729126,0.980565645937648,0.9805115290495612
30.03773,27.03804,0.9818607679580584,0.9817050196340176
30.112906,26.991596,0.9823320030115692,0.9815749302804428
30.081543,26.717064,0.9811811930859192,0.9793610179245636
29.90776,26.473907,0.9801418123479769,0.9797323174469332
29.815414,26.645794,0.978988893547996,0.9799891038500382
29.956654,26.820072,0.9787763765279321,0.9788241181621256
29.955961,27.124283,0.9788749371182051,0.9794388179797937
29.840536,26.76924,0.979199020796516,0.9793204892954657
29.77001,26.674492,0.9786887378330226,0.979054409297749
30.002724,26.680582,0.9790157058429403,0.9787143994693739
29.96622,26.945389,0.9800844951101305,0.9802151662675771
29.871244,26.711666,0.9819007033103053,0.9819419724526659
29.86972,26.884975,0.9849344037843234,0.9848076886812428
29.897287,26.737709,0.9823273448696795,0.9820976834434303
30.115143,26.98387,0.9787838161956616,0.9793028231064124
30.194874,27.491076,0.9785641169956223,0.9797180540663917
30.152597,27.21575,0.9827678767511249,0.9825645340181277
30.11736,26.829147,0.9835284558445098,0.9827334471021899
30.258732,26.935368,0.9831321711336496,0.9824938731804851
30.06295,26.863476,0.9798806089899212,0.9795853983867004
30.142433,26.806097,0.9801171219600888,0.9809950442092822
29.914806,26.774387,0.9761937818247408,0.977448646979324
29.990334,26.775267,0.9758387669682537,0.9765609656845791
30.090677,26.804056,0.9766750963692484,0.9771180347696609
30.097683,26.89826,0.9781507807514974,0.9773936276401426
30.143831,27.229687,0.9748091079593477,0.9757638951067823
30.073086,27.117712,0.9795084478429243,0.9794361883133827
30.177776,27.147877,0.9743609205651921,0.9740009086801674
29.979542,27.024208,0.9736296656638443,0.9737534010162286
29.997425,26.992607,0.9733159487727757,0.9732891326080318
29.97855,26.3015,0.9767171782611307,0.9746078252343059
29.966051,26.470243,0.9778038738357855,0.9763434453623069
30.023012,26.563692,0.9762039668639804,0.9754873445159565
30.100477,26.779997,0.9754914113046625,0.975286270873
30.016973,26.629444,0.9770377040971853,0.9765816038090702
30.036541,26.701382,0.9740388212570505,0.9734462102652705
29.864466,26.429771,0.9798323135132125,0.97999497166754
29.819834,26.067123,0.9843906940323351,0.9835592403626822
29.888258,26.541351,0.9805069556021105,0.9799997891367825
29.965345,26.618757,0.9757090717738934,0.9755636540034975
29.815008,26.268791,0.9763329755029767,0.9753381096487889
29.933912,26.28794,0.9751994002517733,0.9750527612109892
30.113775,26.72092,0.9748685976310572,0.9739240211676466
30.126438,26.833885,0.9743094772553706,0.9741257775764828
29.897884,26.55488,0.9733245002709681,0.9737307400447883
30.052284,26.778015,0.972943140165215,0.9729325848987349
30.115707,26.31962,0.9780960708815145,0.9765363229640993
30.120007,26.606056,0.9749466058460272,0.9748499402522466
30.08287,26.85253,0.9733107120154143,0.9735964373488342
30.151737,26.921753,0.9743774939755558,0.9740192195136282
30.137287,26.893784,0.9742031697271787,0.9744454660288067
30.24641,27.068413,0.972101156301882,0.9725459277709353
30.145702,26.957853,0.9707653777688012,0.9718409496665497
30.172665,26.820345,0.97413548530063,0.974328452233963
30.244581,26.956734,0.9740331358456275,0.9743390671804562
30.265926,27.117561,0.9721428313725553,0.9727828440614387
30.248415,27.185932,0.9737269083898248,0.9732448195880563
30.321905,27.199194,0.974081270518812,0.9746067730478306
30.273975,27.563564,0.9738423683627035,0.9766229362028548
30.319738,27.643192,0.9736004835274177,0.9749951773602346
30.281885,27.393208,0.9735112639605905,0.9744147280730674
30.295464,27.353542,0.9730169465971529,0.9743267275565513
30.375305,27.662292,0.9719530960646822,0.9737085909831404
30.45089,27.56091,0.9709475666051065,0.9724536465219928
30.44283,27.62741,0.9711131732797091,0.9721151953981112
30.515808,27.824818,0.9717043298187288,0.9723638726121349
30.442402,28.3465,0.9698744687621037,0.9721529203791665
30.548555,28.489216,0.9688217260307698,0.972790581604449
30.352373,26.944077,0.9780969257589601,0.9798872786360896
30.486681,27.068626,0.9848437911050053,0.98599632622127
30.424213,26.853794,0.9879129282629304,0.988278752147372
29.563751,24.976349,0.9894717707994892,0.9865232364479758
29.355663,25.144028,0.9862334412700865,0.9840738934990919
29.198896,25.286327,0.9864611129390481,0.9856108542066191
29.216621,25.349455,0.9847719470192744,0.9831203672716613
29.242792,25.393064,0.984838944944934,0.9824361567509736
29.419374,25.498726,0.9863651328512948,0.984477517787182
29.255383,25.44982,0.9816651562869779,0.9792851520453644
29.535334,25.377691,0.9869935697625208,0.9835419891821656
29.423832,25.247953,0.9863646262768812,0.9831942942213876
29.58946,25.10078,0.9891927259370493,0.9861301512570672
29.397266,25.396145,0.9861973324872163,0.9828470459407197
29.488785,25.516512,0.9841314483744223,0.9803964979368692
29.568775,25.368492,0.9841698172872907,0.9796249162312668
29.512789,25.323458,0.9847948501515201,0.9808347340873472
29.503075,25.398943,0.985115532162029,0.9819097745244695
29.359127,25.48531,0.9863837974618559,0.9844370508327969
29.522726,25.745916,0.9852665959459451,0.9828898081769467
29.442127,25.853722,0.9812432787055326,0.9788922947988169
29.632387,25.61446,0.9869076523025822,0.9838724867347277
29.659927,25.90244,0.9823564407126946,0.9788117948080589
29.605198,25.89039,0.9799177225837287,0.97604475908902
29.666348,25.926826,0.9862832254857986,0.9829405930784464
29.716763,25.88179,0.9812156462157823,0.9773658060666364
29.640005,25.814724,0.9812144250345556,0.9771929949550653
29.740942,25.839603,0.9823604448869698,0.9776660567109507
29.664782,25.671968,0.983000256385617,0.9780069535890932
29.636442,25.410435,0.9817204296682716,0.976567929449543
29.42581,25.49512,0.9822016447972479,0.9770823688090903
29.296894,25.30357,0.9812923403696793,0.9772956606149827
29.226997,25.320875,0.9808906200069579,0.977097440004711
29.282839,25.579075,0.9791244076519716,0.9761744034453226
29.44099,25.609053,0.9800696924558575,0.9763900811332298
29.545296,26.01973,0.9796076301699416,0.9763491227965605
29.59616,25.82412,0.9785866103873732,0.9752228658501254
29.578613,25.758266,0.9802941496566814,0.9763814439098273
29.427376,25.645634,0.9785979010605773,0.9744336405226659
29.426193,25.570345,0.9784018793268097,0.9741047912000587
29.414522,25.529999,0.9799757287114363,0.9758210652335789
29.384253,25.487413,0.9802868641526143,0.9757670794360884
29.357927,25.24623,0.9818456154277961,0.9775706750866112
29.488266,25.44424,0.9821453999675177,0.977192347571674
29.457329,25.526505,0.9829482662645919,0.9781914500027528
29.568872,25.58691,0.981448036803998,0.9772506385408897
29.53341,25.681677,0.9822558595216813,0.977881259155667
29.60325,25.85574,0.981000745717633,0.9768629395986927
29.515512,25.78271,0.9818271031645499,0.9785000507028448
29.552643,25.627726,0.9834968052077792,0.980708256669416
29.689167,25.969051,0.9844529462190252,0.9823640149499523
29.633175,25.817968,0.9836758072559668,0.9801493394275955
29.576628,25.646606,0.9851139306354663,0.9814953349433969
29.706213,25.855227,0.985456495130042,0.9819992071526549
29.640293,25.663359,0.9835475091820627,0.9800456416088649
29.543087,25.539827,0.9856771244416412,0.9820514605746887
29.70856,25.735348,0.9877482102488236,0.9852386100154874
29.765068,25.877407,0.9871531175196178,0.9845232987306234
29.809343,26.262781,0.9893142091492341,0.9881144730166823
29.642464,26.098057,0.9876326287776699,0.9870203152023876
29.728321,25.994608,0.985746908117957,0.9844022564718947
29.778717,26.239147,0.9888095413158251,0.9876225102250469
29.745777,26.580885,0.9885982821576736,0.9880203773129212
29.8194,26.346197,0.9871267305944049,0.9858244062162606
29.756828,25.710352,0.984116569648312,0.981867575775022
29.696571,25.567142,0.9831520560027429,0.9803192379096939
29.646385,25.729086,0.9818143072083263,0.9786360574049207
29.701385,25.836483,0.9829958383166847,0.98033401397088
29.728615,25.632982,0.9821680393048158,0.9792850698776555
29.615799,25.457481,0.9850035197798312,0.9822948549688514
29.563038,25.210018,0.9851950284852365,0.9818581672584581
29.507088,25.185493,0.9860302091813947,0.9821703040475881
29.529905,25.232311,0.9880844685274711,0.9843660023147054
29.641403,25.172674,0.9874968104742256,0.9844407130730415
29.49917,24.746809,0.9901655303139235,0.9882936423466944
29.54241,24.49228,0.9893928865861342,0.987719760346784
29.418941,24.42172,0.98979553971792,0.9872506059749628
29.435703,24.547083,0.9892697749371709,0.9867268905897854
29.513273,24.556562,0.9896209718823846,0.9867513091979322
29.519653,24.505268,0.9907300889995577,0.9877862798196098
29.394146,24.56048,0.9906043349571219,0.9875181915752139
29.674034,24.833588,0.9910375408547853,0.9886828058857624
29.58424,24.99982,0.9908819265549437,0.9889879658027664
29.64862,25.13459,0.9900993309362985,0.9879311720123571
29.76429,25.118635,0.9911759040941178,0.9887717613587876
29.730457,25.11819,0.9901431174692006,0.9879819118703428
29.785421,25.246243,0.9902105891007702,0.9883501055704844
30.04822,27.503492,0.9882551523529578,0.9879245748108022
30.171623,27.700375,0.9832711575948607,0.9830201367628748
30.04966,27.676659,0.975018893449134,0.9766946983864411
29.763144,27.662289,0.9780109332248976,0.9812577722963156
30.117138,27.790949,0.9834156587488749,0.9851698558933837
29.95019,27.535503,0.9843126640161903,0.9857217530277343
29.968729,27.259949,0.9714810963698025,0.9719126460437548
30.038666,27.309618,0.9680732704462633,0.967979023166214
29.87341,27.260773,0.9703311349466603,0.9715963546189886
29.895962,27.49894,0.9692278072533854,0.9708992739246498
29.986748,27.421244,0.9663138028345579,0.9673910230190057
29.899225,27.299986,0.9682035903561335,0.9717640775214843
29.850798,27.170326,0.9618917740147548,0.9644533893998382
29.92405,27.28907,0.9621591236999937,0.964320943724694
29.74676,27.101799,0.9622959067223854,0.9652808798859802
29.762802,27.042368,0.9597965940082551,0.9641118852372783
29.708414,27.198698,0.9545739179825973,0.9601271996995769
29.55257,27.194586,0.9568048037621072,0.9625699809069157
29.457045,27.117535,0.9591297819518115,0.9658616633243367
29.818125,27.685186,0.9580051845170671,0.9637410796458352
29.74248,27.618702,0.963478509860156,0.9697044675163164
29.775274,27.654696,0.9686780840409419,0.9748990516935325
29.843517,27.361198,0.9609943313760446,0.9674677376396799
29.780977,26.947124,0.9713839459357373,0.9748150580909156
29.812847,27.179737,0.965632417837292,0.9696164497211905
29.987026,28.074654,0.953159498725661,0.9630785015034818
29.800545,27.915806,0.9533400277238929,0.9636059056442363
29.892578,27.603165,0.9502375940695142,0.9582709967884031
29.891357,27.600868,0.9554199948314428,0.9617433835808457
29.93539,27.614044,0.9586348273362312,0.9638996289040772
29.907997,27.417263,0.9578243221717299,0.962123267733322
30.015335,27.58675,0.9605615101899582,0.9660449844662045
30.032143,27.775343,0.9628359125685417,0.9696583338629494
29.947813,27.407791,0.9555224211201139,0.961967625739143
30.010994,27.552525,0.9581949728145159,0.9642755981726719
30.082949,27.747223,0.9609431552729405,0.9657349012756375
30.119173,27.749226,0.9641643323245308,0.968235791474476
30.066177,27.649277,0.9618712980282437,0.9657696425166552
30.034492,27.56781,0.9631054835458713,0.9658714698501851
30.149906,27.758123,0.9598761705752714,0.9643140044963384
30.093163,27.37998,0.9647964375352654,0.9686320045698326
30.054522,27.215115,0.9614802420212178,0.964940682871967
30.090971,27.400713,0.9574247387865863,0.961573047691327
30.073719,27.56201,0.95695164114857,0.961978558703523
30.113232,27.927155,0.9547117877295945,0.961169776849386
30.105211,27.684013,0.9550723096147121,0.9589411940279962
30.043018,27.268814,0.9540475365821183,0.9562704182114715
30.036165,27.406067,0.9545738648864,0.9575728007134915
30.107197,27.436882,0.9529892469216403,0.9557647206703203
30.025078,27.550575,0.9511969604199784,0.9552718231935772
30.107368,27.920153,0.9509500882513148,0.9560249885317348
30.127827,28.089527,0.9475159855072426,0.9543842888328393
30.08611,27.963863,0.9479845775327902,0.9524437669428856
30.066479,27.741161,0.9464298362778465,0.9504780608070411
30.018658,27.816198,0.9448915798356795,0.9515662199290558
30.042627,27.876776,0.9492930255516128,0.953832131721834
30.061516,28.183762,0.9462631432139837,0.9552146276464714
30.164766,28.419334,0.948245849611973,0.9551269982864087
30.198177,28.403948,0.9532871659767185,0.9584034560326389
30.212526,28.025953,0.9588547085206796,0.9598204709289055
30.162098,28.179255,0.9671638269977213,0.9689445157085885
30.123363,28.70096,0.9781849042199698,0.9811059571268345
30.1598,28.802982,0.9799907397753579,0.9828827078936743
30.243568,28.318829,0.9762129350246804,0.978760390203392
30.213902,28.26485,0.9774737093844358,0.9794169279928832
30.199558,27.752645,0.9804257191866034,0.9817647897152284
30.17498,27.361166,0.9858617815986469,0.9864278788239946
30.686083,28.979609,0.9800517243556807,0.9854442041722484
30.575544,28.518364,0.9726684412077901,0.9789236481777049
30.997185,28.908375,0.9836067655863122,0.9860083105945804
30.802765,28.849964,0.9760969317104508,0.9814239192926475
30.875156,28.788187,0.9789452557073072,0.9826010015201067
30.68045,28.408222,0.9741975243836508,0.9794064357197706
30.491543,28.236443,0.9719709358429283,0.9784226793831384
30.638966,28.245617,0.9706784948427503,0.9775250752164368
30.651714,28.541428,0.9603379489222368,0.971012840774943
30.5891,28.446712,0.9552259683686065,0.9669617251164428
30.482277,28.465927,0.9528386817888611,0.9664740093532765
30.53035,28.46649,0.9557634925625411,0.9664267343149958
30.440435,28.350782,0.9519089843100249,0.9646785197136345
30.183943,28.35266,0.9499572865682652,0.9638024762529611
30.42564,28.206728,0.9563152346569198,0.9672766741368745
30.098469,28.099482,0.9485556499583797,0.9631342719365326
30.172195,28.331009,0.9459743104130949,0.9609613998487998
30.14034,28.117533,0.949367155776397,0.9609778653624554
30.31372,28.149921,0.953198328517973,0.9636488187370861
30.394642,28.347876,0.9504256401468906,0.9617815865467527
30.310438,28.257515,0.9476547487117694,0.9595360480569375
30.16922,28.039492,0.9485057840410202,0.9592099146677884
29.925745,28.076942,0.9373057178495777,0.9536647803977961
29.950775,28.05501,0.938589976127891,0.9549610996096091
30.021048,27.970337,0.9419153061500705,0.9566750994943322
30.13602,28.083956,0.9427129117220747,0.9559311852208057
30.087456,28.090343,0.9401801552731587,0.956172733208928
30.171366,28.15374,0.9409148021540162,0.9548189658191762
30.095541,27.825796,0.9445330144439967,0.9561449125118479
30.048323,27.856428,0.9456524050900363,0.9569313530596513
30.12807,28.0227,0.9479276895756801,0.9589077716162183
30.180819,28.023272,0.9469909231927796,0.9578571857737834
30.168686,27.958162,0.9443642399525016,0.9554058786041456
30.354261,28.307281,0.9458478542952409,0.955262580918231
30.48876,28.584127,0.943719575817811,0.954978026770825
30.613844,29.102896,0.9429066449559271,0.9545704239227769
30.750257,29.432535,0.9440200331467996,0.9560526752955818
30.716488,29.064913,0.9477753555342942,0.9581673820415102
30.491583,28.576796,0.9445240678156479,0.9580554424618525
30.598402,28.670525,0.9478185988012718,0.9601616015768274
30.585173,28.693306,0.9474567217972127,0.9606359275104326
30.608631,28.949417,0.9428163282174556,0.9565550312313729
30.50379,28.61532,0.9446149281764574,0.9578084098006244
30.515203,28.654575,0.9499169613569884,0.961899762470375
30.318733,28.194798,0.9517773505868369,0.9616894559647899
30.41788,28.254116,0.9527396509835991,0.9615262166424199
30.389095,28.499786,0.9507919443940982,0.9606790879023449
30.307087,28.5298,0.9482436948143558,0.9586025806736554
30.26902,28.20358,0.9531177900405996,0.9599948476393967
30.233047,28.302591,0.9540010319885089,0.9616805313213517
30.243605,28.072691,0.9567397614355893,0.9635376328614859
30.217339,28.07905,0.9563537478375026,0.9635074996849675
30.351467,28.251476,0.9574484755407813,0.9639805993013004
30.365307,28.314495,0.9557653546551445,0.9624549789591456
30.248735,27.825535,0.9588037069064739,0.9650430369565051
30.166187,27.672655,0.9587826574793558,0.9661148290921548
30.278559,28.099583,0.9556377083575281,0.9625888065958191
30.288445,28.348618,0.9534185839690548,0.9611762162800167
30.282038,28.03998,0.9545521540076802,0.959427800972988
30.16666,27.715027,0.9540797656441248,0.9600223221175681
30.283587,27.940273,0.9562441174715357,0.9613765781376126
30.37844,28.089024,0.9579261397901375,0.9620822756910079
30.423714,28.530476,0.955557981365351,0.9624972400493115
30.354836,28.397142,0.9542102592702371,0.9625465500762909
30.36568,28.391212,0.9532353326369353,0.9618992193115377
30.326298,28.209362,0.9496487219926464,0.9567044240146143
30.433607,28.69468,0.9483198688522759,0.9581886781446656
30.370716,28.591166,0.9526244474599629,0.9604088571063747
30.369286,28.471909,0.9593283695591946,0.9656880811074718
30.402847,28.404533,0.9655128373850023,0.9716301042204253
30.312477,28.24126,0.9653337222753686,0.9696229043096422
30.376934,27.996689,0.9728659144178805,0.9761822792754108
30.390112,27.947788,0.9790602296302834,0.9814440455773602
30.384085,27.91191,0.9831413766432224,0.9848806846133016
30.324821,27.808113,0.9843711477964309,0.9856817524885816
30.440817,23.694504,0.994585979428825,0.9754703622018883
30.426329,23.57873,0.9938314645080093,0.9717165099139036
30.300016,23.261663,0.9932848287002782,0.9682043850451245
30.186806,23.471313,0.9948922163110805,0.9771184815628233
30.333559,23.784592,0.9948777025116351,0.9785181986945994
30.335972,23.756237,0.9940985412624959,0.9757794243806333
30.357912,23.801815,0.9944647132363775,0.9767849243111331
30.226349,23.382742,0.9930640065895269,0.9711232197609049
30.302048,23.252565,0.9937147196401431,0.969918293740707
30.09322,23.432594,0.9924465737126807,0.9665615306262353
30.18471,23.709719,0.9920073290035683,0.9676481223713905
30.234777,23.811668,0.9920228498375202,0.9685581018768988
30.093954,23.771412,0.9894156261225612,0.9626194445724672
30.005032,23.68168,0.9895636866185159,0.9647628411500474
29.97459,23.495659,0.9894392749484049,0.9603230489585408
29.828947,23.473852,0.98711389361209,0.9562017893626855
29.706335,23.76756,0.9875003706069805,0.9633030714081087
29.602507,23.809156,0.9846810475258352,0.9568406327343303
29.55063,24.10077,0.9854681558681102,0.9638493890637667
29.680958,24.170254,0.9844693077810824,0.9590878034241994
29.706436,24.031221,0.9836050408718273,0.9533985988403268
29.650019,23.970804,0.9831915429515352,0.953691805374587
29.709234,24.072422,0.9846791845047755,0.956400177091538
29.652283,24.219416,0.9855063442448053,0.9620486607888498
29.825155,24.160656,0.9874518632611299,0.9613942374045621
29.898975,23.972622,0.9887635386140158,0.9619582410673119
29.936361,23.826797,0.9884442664121473,0.9583378746190917
30.22593,24.169018,0.9904191651479313,0.9648596742953343
30.3403,24.257662,0.9913009554886854,0.9681490178998144
30.174849,24.303051,0.9894161310034864,0.9666834261758591
29.925972,24.2334,0.988116438230494,0.9635599472313848
29.829494,23.997076,0.9873612508261331,0.9591893300548461
29.990055,23.621218,0.9897837406271248,0.9612187115016793
29.883564,23.444397,0.9899071110266543,0.9621300556347631
30.054113,23.87751,0.9899613235672106,0.9667920640505757
30.09427,24.419079,0.991339848230017,0.9741261744867865
30.122604,24.525442,0.9918503747337597,0.9743045643650599
30.292229,24.634104,0.9909651277993312,0.9685873219281093
30.191305,23.95816,0.9878586587992122,0.9540529905644494
30.17101,23.923025,0.9870921969961997,0.9515922289603654
30.183554,24.247368,0.9892227745769072,0.9644922506539925
30.215551,24.56301,0.9899728675880908,0.9687185186516662
30.352314,24.53305,0.9904026716913101,0.967353432260377
30.200703,24.133701,0.9866303875276461,0.953345411244415
30.371904,23.96107,0.9865721233453215,0.9475868507233179
30.229393,24.022484,0.9876083534557615,0.953735032654976
30.189249,24.362696,0.9854311258605074,0.9539573927553685
30.24675,24.57876,0.984263172036579,0.9516452159039861
30.20275,24.675964,0.9846092034842195,0.9532943190116037
30.316216,24.625275,0.9855134795757152,0.9532857792423446
30.223057,24.465158,0.9878839091836282,0.9604080060874034
30.218363,24.389343,0.9861991305542264,0.955538536865842
30.268734,24.69775,0.9866918104554853,0.961101012386181
30.193846,24.426023,0.9879888771040869,0.9648469565132297
30.080149,24.307072,0.98612564930488,0.9585141868145216
30.218393,24.2848,0.9879101815346741,0.9619197659496234
30.220499,23.897669,0.9877881172192811,0.9557633191984785
30.203764,23.705704,0.988354325438131,0.959625389008422
30.191118,24.104614,0.9864766087267389,0.9587604882125119
30.326956,24.518883,0.9842470161515884,0.9534518473738316
30.27189,24.46634,0.9846445123405422,0.9530605161476136
30.336666,24.446917,0.9846310625936305,0.9510028205495329
30.32381,24.374252,0.9838935748605402,0.9467188776756262
30.258066,24.312162,0.9833475571377691,0.9476321914103216
30.259912,24.458206,0.9826137491541196,0.9493048872954721
30.281967,24.626163,0.9819039171713645,0.9488304022151054
30.353016,24.80563,0.9820765598804803,0.9490149202244356
30.354654,24.481075,0.9842729031792644,0.9517421887906795
30.270607,24.457146,0.9812250419882904,0.9412480214724825
30.332218,24.526966,0.9829162807380625,0.9464164901257704
30.275707,24.588272,0.9816233423352427,0.9465020204158953
30.214687,24.712057,0.9800092157170673,0.9453381107867411
30.171627,24.796616,0.9796974402912811,0.9441015226753318
30.225374,24.730322,0.9802506998759614,0.9417433500403464
30.179289,24.276642,0.9822732625755944,0.9401040648845168
30.166655,24.095871,0.9862593011569021,0.9530330252499294
30.194807,24.16496,0.9867669795586779,0.9575626304740006
30.109026,23.802341,0.989368852363822,0.9657341414176082
30.01769,23.102541,0.9962870321042179,0.9854225090295323
29.711458,25.612642,0.9905499890260424,0.9875138754923091
29.611553,26.274492,0.9869151219111488,0.9882936757907909
29.743967,25.96117,0.9876596322904865,0.9850151517177138
29.57708,25.785698,0.9906337798501011,0.9889152814842076
29.800604,26.579142,0.9887072873511482,0.9867144038714175
29.674355,26.040964,0.9874499861309457,0.9852151016000713
29.673433,25.95001,0.9873096559074899,0.9852134682267842
29.61954,25.023897,0.9858452667196133,0.9810285943629748
29.59969,25.35522,0.9857296606027272,0.9825920160074654
29.684593,25.46867,0.9862046917315335,0.9835018761783443
29.680962,25.315496,0.983547363813156,0.9799587892717022
29.776932,25.474014,0.986887505015308,0.9832933020272058
29.576637,25.204294,0.988454844224057,0.9840066442925943
29.781082,25.67724,0.9882092834503484,0.9860452024175944
29.723757,25.784687,0.9857992772373495,0.9834225171269249
29.705715,25.934341,0.9842432558532572,0.9810866389205536
29.70366,25.828058,0.9862792635416455,0.9825800608555303
29.699844,25.987055,0.9866250373415999,0.9832507407315101
29.796076,26.0295,0.9894364720461302,0.9862601674245673
29.813171,26.226416,0.988409553049843,0.9857647708478651
29.790628,26.300394,0.9849955798197397,0.9817102416443882
29.758932,26.64093,0.984594435848106,0.9805493836162325
29.687103,26.387203,0.9821967405117298,0.9789574944934604
29.537754,25.350954,0.9831374736881965,0.9802004833254954
29.621788,24.197275,0.9873482193940124,0.9838178495163736
28.840162,26.976473,0.9852493626617094,0.9870678137137965
28.567822,27.16465,0.984368804668741,0.9865705665968542
29.54978,27.289509,0.9892710764356543,0.9902726547843275
29.161188,27.008211,0.9834292330882949,0.9852991619227428
29.503231,27.129501,0.9850830282953053,0.985170904150463
29.326672,27.21383,0.9838668800351286,0.9845916868148014
29.445023,27.10905,0.9821056386328698,0.9820077426041457
29.250355,27.153605,0.9791638644234041,0.9811471367024122
29.461609,27.751999,0.9825077449337805,0.9839709299471322
29.701918,28.06944,0.9833295118672397,0.9843383479669193
29.600338,28.135387,0.9827677761567633,0.984327373757385
29.69513,28.006374,0.9851702916347274,0.9862811201559322
29.866333,28.81892,0.9862683520826123,0.9875858588047485
30.053331,28.694302,0.986767107600902,0.9877884092913756
29.81684,28.584824,0.9883173043044352,0.989626762051818
29.524582,28.068218,0.985485436606453,0.9876377848237643
29.335945,27.501814,0.986344772035146,0.9876206582228358
29.172096,27.641808,0.9820675202413945,0.984215057408691
29.444239,27.739471,0.9808793153148967,0.9828599473646962
29.398928,27.73676,0.9798474861781657,0.9822332744687229
29.50244,27.596066,0.983919617594863,0.984840780084254
29.497208,27.54353,0.9829451673576257,0.9837187010604624
29.595375,27.507992,0.9823499775118262,0.9824986271273268
29.656342,27.384989,0.9809423395470929,0.9808155170264024
29.611225,27.475235,0.9803310628628815,0.9808132968888146
29.781542,27.574837,0.9822620690536707,0.9826165606248123
30.026922,27.75528,0.9817258606959515,0.9823535237295519
30.062813,27.668867,0.9811975833480591,0.981050895025122
29.964634,27.858297,0.9826822504502474,0.9828080601642074
29.949102,28.090218,0.9842109394659625,0.9840273353851857
30.001223,27.952223,0.9847189039661804,0.9846440093694909
30.082619,28.26072,0.9860714081505512,0.9870535399053637
29.906376,27.967464,0.9822855962255559,0.9840384767096866
30.151623,27.991386,0.9857021203895273,0.9868256256872896
29.998138,27.61496,0.9822019646946287,0.9825609963871529
29.845896,27.67274,0.9822510639366642,0.9824954752540065
29.825022,27.407228,0.9843020614370277,0.9851443288702102
29.896296,27.162313,0.9832298093841462,0.9832580840409851
29.766151,27.299973,0.9833595025895393,0.98326617563312
29.94666,27.056025,0.9838562097474515,0.9831494075735773
29.801056,27.11386,0.9830896697440138,0.9824160652812751
29.753193,27.077408,0.9848132851248138,0.9844061436041708
29.76017,26.982521,0.9859947453368395,0.9852810235288022
29.709824,26.812422,0.9845707837024479,0.9843101490111872
29.80434,26.841108,0.9834016683702054,0.9833429041293642
29.850542,27.014385,0.9852515596939885,0.9846066270099185
29.794847,27.096897,0.9846634622840477,0.9840877515425112
29.861286,27.174126,0.9866345938338251,0.9860324217515956
29.9349,27.349205,0.9862085497577274,0.9859009401203431
30.031918,27.315237,0.9854338094888911,0.9848646431643705
29.913233,27.05432,0.9858352156137816,0.9849952202977108
29.959124,27.089165,0.9846322363646324,0.984370884086047
29.958227,27.386658,0.9858074163325374,0.9859167896551614
29.866585,27.052185,0.9846921205306689,0.9842507255337584
29.928207,27.227268,0.9849273539728883,0.984378140374617
29.86464,27.361797,0.9866051581532411,0.9858614005303571
29.889172,27.45024,0.9845210436081081,0.984390111391322
29.829721,27.38904,0.9843697315664094,0.9846360822818433
29.845978,27.379864,0.9842076605547664,0.9844469587728047
29.904377,27.435514,0.9821335414265392,0.9818618740549416
29.852934,27.564533,0.9832584091223097,0.9828178895153667
29.917356,27.81516,0.9833712279559729,0.9827607591698913
30.026241,27.612083,0.9837467214969242,0.983763393440515
30.01152,27.534958,0.9832956000226565,0.9829889873292117
29.889135,27.489609,0.9838987772518091,0.9839663913022703
29.980629,27.502337,0.9836627240411527,0.9837972999644438
29.931599,27.36995,0.9838263655974492,0.9841592447654806
29.952473,27.384998,0.983733495309916,0.9836395893103173
29.86203,27.378473,0.9826297777647117,0.9822525957228523
29.849188,27.445812,0.9819015754736939,0.9811352560843061
29.948118,27.869167,0.9847611330766652,0.9844767492862858
29.914751,27.721092,0.981679606364282,0.9804426633621454
29.982788,27.791052,0.9834998807203599,0.9818939626890606
29.793806,27.831993,0.9858784403857804,0.9852056213357746
29.801083,27.744984,0.9829501474915535,0.9824699405227779
29.676434,27.805798,0.9876056960429828,0.9871760145105964
29.755106,27.69224,0.9836698078922395,0.9834884143871674
29.932127,28.004475,0.9837687857967379,0.9838545002373471
29.911623,28.370466,0.9868671840670229,0.9867227447626982
29.972403,28.423365,0.9881450730112026,0.9878060673149842
29.870758,27.853008,0.9837393683104741,0.983212067026295
29.872353,27.988482,0.9834535306328587,0.9829808642426046
29.793419,28.104609,0.981151533524869,0.9808158563206211
29.773846,27.81934,0.983668852006925,0.9830562583999141
29.63909,27.749186,0.9880548566053695,0.9879378019996561
29.606022,27.698341,0.9897656545387998,0.9895060677782359
29.600506,27.849651,0.9896616326255168,0.9897543592038176
28.237219,25.17191,0.9854869113353293,0.9853280539369901
28.671574,24.878674,0.9905396917924126,0.9887323294958582
28.698122,25.059338,0.9851045421901559,0.9830347111109604
28.345821,25.134502,0.9844419290554254,0.9845178063375317
28.509823,25.237549,0.9841967162104098,0.9833218829687426
28.409454,25.283163,0.984309409040111,0.984650867964334
28.634995,25.281174,0.9840784507450304,0.9830289283885575
28.795513,25.480825,0.9856608906571751,0.9850083026267871
28.889236,24.908089,0.9882917774641246,0.9864763452741788
28.70137,24.578339,0.9894555172656128,0.9878767492317206
28.587858,24.987307,0.9872820628349064,0.9861500795549593
28.724401,24.79427,0.9880864002368916,0.9868260911608836
28.839943,24.708063,0.9899600227453544,0.9877979852749548
28.754074,24.761753,0.9873196902950563,0.9856138714079802
28.618525,24.881277,0.9849747295215489,0.9832020636114425
28.667831,24.880125,0.9862066048532634,0.9849355812349871
28.644737,24.712973,0.987466900079833,0.9861354564855891
28.658476,24.808638,0.9884428318043025,0.9866282441156506
28.818666,25.227737,0.9860527783500282,0.9835754650577542
28.680458,25.227219,0.9873268795822936,0.986132248233068
28.84486,25.31393,0.987715860515324,0.986135058414555
28.81693,25.10104,0.988741402689212,0.9870818488010712
28.710115,24.96601,0.9879352753819368,0.9858833813509367
28.536686,24.97908,0.9864286007191282,0.9850100476098216
28.510292,25.302038,0.983316485779926,0.9822256017425861
28.813343,24.734308,0.9896007604725566,0.9866174726693681
28.729342,24.566458,0.9893288703095214,0.9868285713854139
29.081554,24.681793,0.990771470682479,0.9871783774002096
29.062363,24.709095,0.9889558329180722,0.9855567536831193
28.897217,24.503254,0.9898477531554003,0.9866793605101656
29.14024,24.552647,0.9888266009605836,0.985430819407264
29.381271,24.605963,0.9893738626818026,0.9856107560907986
29.41139,24.638103,0.9878433427929638,0.9836915490324172
29.383821,24.383469,0.9886284794257836,0.9843739433603917
29.372482,24.155445,0.9898814389351163,0.9859938814135656
29.306065,24.322472,0.9899612539370075,0.9862588911940853
29.340672,24.505655,0.9870078892500933,0.9816193144414799
29.458311,24.573338,0.9879949658249626,0.982753383608827
29.208267,24.614315,0.9877232325170828,0.9842549169294643
29.350998,24.530903,0.9883271245385302,0.984833283143118
29.396912,24.5229,0.9889421459873415,0.985716418638423
29.413055,24.7419,0.9870459043859195,0.9829468117193524
29.356777,24.850964,0.9876981697229658,0.9838625669689354
29.444496,24.861345,0.9851498580476991,0.9796536661491058
29.25329,24.721436,0.985646557343444,0.9803371305634448
29.205208,24.861008,0.9872051913949277,0.9823730056615528
29.337688,24.57817,0.9884322376645879,0.982803932172408
29.344385,24.813007,0.985710275801695,0.9794961843039226
29.383669,25.045717,0.9858665729095526,0.9798420252021409
29.22424,24.854738,0.9852199659936894,0.9788245049152239
29.218294,24.797832,0.9852266283418761,0.9791672897363148
29.33828,24.848724,0.9853743052741802,0.9795969412821192
29.387733,24.849262,0.9855188354433108,0.9797258102207798
29.38815,24.589128,0.986324604016287,0.9799156183640174
29.412388,24.726515,0.9852669395232961,0.9791355698303343
29.47882,24.683073,0.9856591084485331,0.9793942562174085
29.427757,24.710815,0.9845878678866665,0.9778275495891302
29.409048,24.844072,0.9845738007590087,0.9776322049529622
29.4519,25.02869,0.9857332141709303,0.978973226248892
29.466602,25.06578,0.9851731550414108,0.9792718508188611
29.483215,24.815125,0.9852099527788599,0.9785174110251309
29.41338,24.803165,0.9855608082256079,0.9790865393216479
29.405972,24.850964,0.9861950078933827,0.979713293100402
29.492718,24.821465,0.9877102296044515,0.9821081326088307
29.423347,24.537071,0.9898451890264305,0.9856053833392441
29.358843,24.66333,0.9907097829479524,0.9872607950753036
29.425581,24.44748,0.990607798145379,0.9869654070455658
29.350471,24.648056,0.9913219328061863,0.987941388646754
29.144398,24.270523,0.9901266640506766,0.9861349793247254
29.207476,24.434195,0.9901308034176801,0.985483229711516
29.305601,24.287868,0.989291749509222,0.9840433272443797
29.251776,24.564753,0.9888139157321235,0.983432175466721
29.326555,24.371187,0.9889176684990753,0.9836526219064856
29.261997,24.460274,0.9890022873387275,0.984288775876485
29.191978,24.24906,0.9885131731847271,0.9831326926510989
29.320612,24.466702,0.9889253840878461,0.9832224814280422
29.183502,24.560879,0.9895298064068614,0.9846884131289689
29.24432,24.338318,0.989135556246225,0.9829060763185137
29.326134,24.355396,0.9885826831976755,0.9819666213967649
29.342081,24.448957,0.988489626322504,0.9817091620620807
29.315884,24.318306,0.9889637834609237,0.9820512714783619
29.245396,24.376316,0.9889447991903193,0.982117900988036
29.183594,24.488697,0.9886768067298073,0.9823230884680682
29.311712,24.671144,0.9894622171792918,0.9836387287682583
29.237751,24.80244,0.9889550276304218,0.9828402014022142
29.199095,25.173134,0.9899145807185625,0.9844231376158664
29.189642,25.096622,0.9906443400681927,0.9854455290231552
29.25386,25.22025,0.9901906688193906,0.983669499818548
29.355976,25.118584,0.9917494112327125,0.9870630696527178
30.211483,27.748775,0.9868950879311552,0.9893374810659553
30.15956,27.662752,0.9868630242291101,0.9881889684359073
30.230875,27.688374,0.9853643611378227,0.9870632251617194
30.092546,27.621382,0.983673648215433,0.98601983297189
30.00514,27.936146,0.9820418103716451,0.9852637636138246
30.10517,27.439869,0.9817680570038144,0.9845077842323829
29.989666,27.2784,0.9806711773329845,0.9833080175716449
30.046406,27.520412,0.9775190474642852,0.9814311472071685
30.104744,27.707226,0.9812943090105088,0.9841808785330365
30.219086,27.907343,0.9827285767480142,0.985386063906678
30.169497,27.622112,0.9745478404930554,0.979201712757086
30.259827,27.923172,0.9748574527068022,0.978837284375155
30.185595,27.75915,0.9715640021421985,0.9753998430444132
30.056353,27.342049,0.9747681039000057,0.977599409505173
30.060486,27.326233,0.9747961798221025,0.9779017755838886
30.104748,27.299261,0.9728290979312373,0.9764488058282249
30.242146,27.430399,0.9783334265449508,0.9820089534182996
30.078838,28.10216,0.9816280081556222,0.9857443402498455
30.23732,28.491451,0.9834750448432085,0.9874532024257324
30.097164,27.928207,0.9792638340721261,0.983610028091716
30.167358,27.918034,0.9763705483965777,0.9820694250493874
30.23669,27.846596,0.9787665750083444,0.982339265842226
30.37502,28.057934,0.9797360314308193,0.9826878448460697
30.185316,27.566608,0.9778244144769099,0.9815061488751229
29.994905,27.245235,0.9744354355750594,0.9798193155108712
30.13233,27.4514,0.9709572771199186,0.9768234756136097
30.090012,27.57971,0.979991177203206,0.9842075428928263
30.338055,27.99695,0.9766495327153243,0.9822004143234272
30.193863,27.633396,0.9726968561645359,0.978119918157563
30.104649,27.45029,0.9740115053139625,0.9789696395716468
30.087776,27.287178,0.9749008716140968,0.9789962777154242
29.984379,27.011524,0.9670950590986374,0.972334848197221
30.08764,27.128393,0.9634308136776004,0.9700039133661627
30.11578,27.307259,0.9652751541722344,0.9706444827098766
30.047726,27.199673,0.9636244935365965,0.97062461541784
30.034304,27.607033,0.9623964560915546,0.9704961407389044
30.134287,27.46088,0.9641759081128969,0.9703180442190505
30.064774,27.641102,0.9637439520141904,0.971492533961067
30.127163,27.651827,0.9658919332961058,0.9733851401102995
30.04707,27.328653,0.9670372252257831,0.9743811957922593
30.04121,27.389917,0.9656254774376138,0.9719684012433253
30.074064,27.583063,0.9641081683087315,0.9704598044428732
30.090322,27.606699,0.9641537379237914,0.9712196980324423
30.044147,27.30169,0.9666753012951368,0.9732983463081335
29.977674,27.026594,0.9672564199298286,0.9730147616442334
29.928291,27.033894,0.9684288882000914,0.9730156883364576
30.006035,27.444803,0.9661539463967489,0.9736454658909021
30.087322,27.674234,0.9649246526766614,0.9731017138555973
30.060246,27.27835,0.9640429402705937,0.9712789784262834
30.123388,27.33667,0.9634272672927259,0.9687384339699401
30.113007,27.498028,0.9633718153113228,0.9689154458630469
30.09071,27.357367,0.9629689087213984,0.9696647102073845
29.976313,27.4211,0.9618258026475474,0.9681294480251598
29.979498,27.343634,0.9632045796245234,0.9682754466370991
29.940128,27.262075,0.9646550308638349,0.9689943050002262
29.96684,27.55162,0.9628000722070121,0.9684935931685708
30.001907,27.308834,0.9638459803259941,0.9699753907687865
30.05065,27.502808,0.9622662456778305,0.9683063038153393
30.013697,27.55564,0.9615417825188673,0.9672198882418584
30.076868,27.828175,0.9617832522020383,0.967910314786629
30.05667,28.028347,0.9612198124984187,0.9681184131873682
30.055595,27.76948,0.965564355737811,0.971036973212364
30.050858,27.947384,0.9660961190814624,0.9723715737618484
30.097952,28.051289,0.9637084151040335,0.970072398460953
30.129473,28.214676,0.9637874635709778,0.9698218886957982
30.014746,27.895529,0.9635192295017405,0.9708932539832171
30.001373,27.39582,0.9701210982330135,0.9751128886969318
29.922142,26.980335,0.9721004818742415,0.9757084730476507
29.92374,26.734653,0.9750811956659564,0.9783054796304911
30.03541,26.434223,0.981750706959265,0.9843206592611287
29.977497,26.278181,0.9837275753093231,0.9874836740848777
30.412941,27.618591,0.9887267598514584,0.988754972547796
30.465977,27.433552,0.9876440164066626,0.9877600289797306
30.454086,27.648571,0.9868934972618213,0.9870073413770982
30.347662,27.664837,0.9854442277444914,0.9848340406285702
30.377804,27.385416,0.9854964198704291,0.9841860868782865
30.231968,27.252035,0.9825131924688107,0.9824905499667997
30.360607,27.625673,0.9782369770432661,0.9791642075367306
30.312458,27.69915,0.9734785220258232,0.9755062382818935
30.361889,27.631311,0.9727909169228287,0.9744104025706936
30.299356,27.693407,0.9712318289927162,0.9734951991793147
30.354107,27.718357,0.9737661719536611,0.9750127881050908
29.977407,27.313457,0.9699062944360882,0.9717571792577033
30.145147,27.19454,0.9723322507065071,0.9732086597738482
29.978287,27.319433,0.9674323735442552,0.9695040338910835
30.075624,27.031082,0.9709088537092367,0.9723880884519666
29.8834,27.19954,0.9638615719486678,0.9682352318377955
29.786215,27.190046,0.9648239457218752,0.968775625551279
29.939852,27.374403,0.9625193453053773,0.9675203847970615
29.852573,27.424622,0.9585149180217462,0.9646317251958404
29.961052,27.506516,0.9619533287281502,0.9657885157455682
29.834269,27.347973,0.961291282871808,0.9634827436154781
29.646374,27.114164,0.9593857854215833,0.9626125028370673
29.641954,27.08139,0.9562665665151691,0.9623559934479755
29.805042,27.090158,0.9600426517158668,0.9627838101677476
30.028591,27.073954,0.9645950131038099,0.9648208426165735
29.959179,27.250908,0.9618713381926337,0.9636795770843506
29.82349,26.89765,0.9604384228510328,0.9619904960558466
29.759615,27.036652,0.960395611988299,0.9622065979338983
29.61748,27.148907,0.9513720426221388,0.9573354293888088
29.748676,26.875595,0.9611672526400774,0.9614309211200155
29.923685,26.978348,0.9662873333041508,0.9656912246864938
30.04103,27.297375,0.96588676213002,0.9663705491713896
30.136154,27.668758,0.9633813252622414,0.965719893400349
30.254524,27.564657,0.964142410845185,0.9656222391465678
30.25324,27.537495,0.9666653871375624,0.9669833183927895
30.15947,27.318094,0.9655395125215892,0.9646247430766822
30.20203,27.276176,0.966039105386711,0.9650941300083158
30.03434,27.046576,0.9671192006168063,0.9669417752663534
29.912289,26.930151,0.9644764343710177,0.965377252622148
30.200855,27.64536,0.9672953480970651,0.9686654202606767
30.23348,27.907959,0.9665096326578794,0.9680206714339331
30.220863,27.48428,0.9690758263275464,0.96924105625098
30.232014,27.441996,0.9692075645782167,0.9694124748594087
30.062462,27.33941,0.9679800618673468,0.969313828596247
29.965328,27.306553,0.9689495473861263,0.970318687959271
30.138775,26.994205,0.9711048431100524,0.970330896202397
30.260971,27.015442,0.9730507491345054,0.9720124732228353
30.256355,27.177088,0.9716561173804513,0.9703792372406242
30.040758,27.062748,0.9700618958189634,0.9709766731840626
29.978266,26.893944,0.9690066886522097,0.9701883595025749
30.023268,26.778908,0.9717838171857934,0.9715900523234936
29.833193,26.82184,0.9699215038432439,0.9709765433696063
29.753296,26.833202,0.9678756676279172,0.9697583603098211
29.892931,26.677858,0.9729654058941738,0.9730189087086996
29.710423,26.85178,0.9690945722522047,0.9710174377675157
29.767483,26.62914,0.9680604927968015,0.9705695198716818
29.941277,26.89348,0.9706133376639884,0.9719095186363305
29.860514,26.988657,0.9705579001049975,0.971641780740562
30.032024,26.98109,0.9719806017925388,0.9720679263725348
30.182848,26.902456,0.9708968077131567,0.9713181986057855
30.202305,26.730362,0.9724803159806388,0.9715885455049392
30.229286,26.745605,0.9733165018987391,0.9726797521728238
30.216385,26.819613,0.9698417949346918,0.9695907459163502
30.353907,27.229197,0.9686648355208158,0.967948460265363
30.318861,27.209843,0.9704908616989248,0.9711033583442109
30.354898,27.263643,0.9722474126872767,0.9729089449362058
30.401926,27.67146,0.9756115517897966,0.9775346121933882
30.4084,27.45768,0.973947375718662,0.9743410039917011
30.267391,27.241413,0.9673031539369283,0.9665806976350156
30.066366,27.245518,0.9690882021417483,0.9689059237003649
29.976738,27.104046,0.971337478027586,0.9714089684062306
30.150959,27.275078,0.9727915723930954,0.9727215789561466
30.33696,27.571247,0.9763497523805731,0.9770998337134496
30.26801,27.853199,0.9861255465805923,0.9866203831541318
30.338276,27.65829,0.9850234102463175,0.98677463286621
30.252703,27.089092,0.9810727566675489,0.9818409633014625
30.228212,26.959023,0.9831543106243935,0.9834024846199019
30.193722,26.924877,0.9840469629553241,0.9834853404193172
30.19267,26.500889,0.9867516111155159,0.9859543234372009
30.173267,26.398365,0.9864270795716299,0.9857110956453838
30.039587,26.018806,0.9879656604080767,0.9869295468361522
30.137123,26.370527,0.9893938479000631,0.988351175580142
30.446692,29.111301,0.986863875610746,0.9904944103256386
30.322136,28.747385,0.9747657237743266,0.9813220740535831
30.380863,28.932995,0.9813056628438802,0.9865122738567448
30.3447,28.47004,0.9741196335640091,0.9795951836316193
30.398067,28.309698,0.9663409348909289,0.9728249979545708
30.43898,28.390354,0.9635764820093142,0.9716335353356492
30.397316,28.604128,0.9621697579011435,0.9728668528758274
30.31023,28.586933,0.9633312857615091,0.973523566723857
30.217426,28.14293,0.957097483220155,0.9687581219870444
30.26186,28.422232,0.9574159122055413,0.9679952729707263
30.1495,28.265373,0.9611216307750986,0.9706256810703937
30.168556,28.20452,0.9588530748895395,0.9694170321286852
30.26915,28.62051,0.9605952313778283,0.9721949133576131
30.588572,29.045088,0.9649878567661921,0.9744945807844364
30.531776,29.001677,0.9732088473647291,0.980191953788119
30.413223,28.246635,0.9683169718547124,0.9764320027437535
30.325104,28.530027,0.964209545732255,0.9738064212227107
30.399426,28.707329,0.9735053135158512,0.980724211142663
30.410595,28.680353,0.9658680129989198,0.9738943063943825
30.486961,28.707306,0.9560597334865775,0.9667953224169856
30.4605,28.663256,0.9526013259721273,0.9645250977944787
30.40728,28.437939,0.9601340673699882,0.970848595086953
30.418291,28.518368,0.9516918501717765,0.9643671549668679
30.299755,28.001163,0.9472272208942574,0.9593935797541295
30.33899,28.267128,0.9471523706375957,0.9585570852670603
30.327866,28.467855,0.9445805407273811,0.9581593462109922
30.372784,28.552155,0.94902015386942,0.9615957143505148
30.417198,29.08633,0.9451553731477915,0.9611206860335871
30.437662,28.95142,0.9463965774024076,0.9607358618028562
30.384735,28.86183,0.9462890767152221,0.9607195336950803
30.283968,28.689003,0.9489624757656023,0.9621049770439222
30.288479,28.940334,0.9467518797545317,0.9610944713918618
30.320475,28.848707,0.9480492089699556,0.9613497664058648
30.252745,28.61766,0.947527208915354,0.9617329352453697
30.241014,28.267662,0.9494462822696917,0.9606137485473486
30.27518,28.097923,0.9510681250203377,0.9624006568660479
30.20569,28.0536,0.9511043526077781,0.9629842983959623
30.281559,28.320381,0.9451796484944929,0.9585139624133447
30.255453,28.279068,0.9436401309837968,0.9564829548380079
30.158783,28.362427,0.9434745818871586,0.9570903529662181
30.18183,28.402023,0.944240128411388,0.9564714786397714
30.165745,28.474514,0.9419919131132365,0.9568074271784763
30.18464,28.327713,0.941233942933726,0.9577378365258985
30.13773,28.167282,0.9427906381685855,0.9571525687873145
30.20515,28.043806,0.9437526966402502,0.9554089415141535
30.197124,27.877123,0.9464338707242304,0.9542848020498682
30.151234,27.779934,0.9459064166798109,0.9536577830382902
30.135002,27.641914,0.946022661726498,0.9542119062785267
29.969551,27.639465,0.9384443341954015,0.9504485843619139
30.059633,27.787735,0.9403751800870814,0.9511975886908943
30.102499,27.671577,0.941810174840634,0.9520361972362383
30.015392,27.654587,0.9420925851376278,0.9526842110359273
30.04534,27.636745,0.9430568150398547,0.9534274974114217
30.025002,27.739275,0.9428160473655218,0.952038452390647
30.103197,28.074474,0.9386081604931326,0.9501042877079764
30.256828,28.186396,0.9381345617220046,0.9501462781729624
30.121674,28.208372,0.9357059940122032,0.9490584904877479
30.221117,28.311306,0.9364791043247891,0.9492756303670836
30.320608,28.474874,0.9398394399323952,0.9516946729276387
30.310526,28.458424,0.9399528848730595,0.9533235621165943
30.259022,28.274895,0.9381195106688154,0.9512732781155079
30.29092,28.52458,0.9339329328614779,0.9484241759219844
30.404531,28.630459,0.9335145405481818,0.9469120544209096
30.280807,28.401737,0.9304780861014113,0.9442895095769261
30.252037,28.469898,0.931045226844364,0.9444769352992719
30.27224,28.592337,0.9289529349296811,0.943851943264827
30.283098,28.9071,0.9248975900645554,0.9430957616205327
30.276014,28.686577,0.9352993437998437,0.9508282050218472
30.25829,28.463676,0.9452127225888634,0.9568285973159649
30.395956,28.46231,0.9535280022277275,0.9620708152612211
30.451466,28.564651,0.9629947865408696,0.9710530952140848
30.40808,28.70419,0.9617286349631572,0.970813093583437
29.85358,27.494223,0.9873445430213053,0.9893728704397406
29.235493,27.259113,0.9805752761434097,0.9845968413946182
29.900932,27.768494,0.9868165287152011,0.9885103730478587
29.83604,27.317421,0.9861553082036204,0.9879022961412479
29.837742,27.797787,0.9870539971069496,0.9894524481215097
29.9489,27.73857,0.9853245564318772,0.9876673360814087
29.89873,27.576645,0.986926948152931,0.9886949953621181
29.915653,28.057846,0.9852597090581249,0.9889091977191338
29.76611,27.146896,0.9865184728310582,0.9903895875686425
29.81493,27.818584,0.9829589730676099,0.9881725062368283
29.785927,28.181953,0.9854820868000301,0.9892764917565758
29.838577,28.177387,0.9755847073195046,0.9811381215960354
29.822819,28.09099,0.9729990814171633,0.9799270116533165
29.857574,28.151794,0.981737766045605,0.9860429717321664
30.004677,27.784039,0.9805300599883793,0.9848288199761679
29.98969,28.493816,0.9814072122413865,0.9857738890774288
29.81799,27.81083,0.9715085659165578,0.9786359193260222
29.862377,28.123772,0.9668598381215818,0.9749485134411348
29.849451,27.891129,0.9666538279481526,0.9743706520923433
29.810299,28.199867,0.9641524117853958,0.9747641445516657
29.758858,28.099598,0.97094589055877,0.9788256903531257
29.74946,27.614147,0.9657917628222908,0.9739358066462827
29.74843,27.405827,0.9687765045621852,0.97567112560887
29.827356,27.89698,0.9702074723416431,0.9771091358825174
29.879246,28.436508,0.9619765657592322,0.9717752481189833
29.944876,28.627584,0.9599521980574812,0.9702821784875543
29.909798,28.353985,0.960909500572618,0.9710840441458951
29.619436,27.693808,0.9735333489303557,0.9800652050402701
29.606628,27.778553,0.9692259341915193,0.9781028346443843
29.528015,27.413301,0.9648649885268787,0.973662249947462
29.475077,27.345636,0.9648930590267049,0.9733023175393516
29.498417,27.168722,0.9658052260508785,0.9737533679575291
29.569036,27.445448,0.9698640116585856,0.9759199685215179
29.81043,27.976683,0.9704885352983466,0.9779258924321141
29.828789,28.092955,0.9663115769049001,0.9745942345824455
29.78172,28.027905,0.9669401338371237,0.9757607791459145
29.707588,27.804623,0.9595912139716753,0.9707511988124786
29.711102,27.82336,0.957336042904295,0.9683598594710904
29.70956,27.71018,0.9582531285518934,0.9691788753793679
29.642097,27.874569,0.9600865785681144,0.9694951418154903
29.623638,27.659992,0.9631013972757636,0.9714645512307076
29.627327,27.61637,0.960213044513823,0.9680127969948124
29.740776,27.968182,0.9574883132244707,0.9657402062751446
29.760141,28.05848,0.956169742067372,0.9650027250052224
29.708479,28.053953,0.9531286573219815,0.963991154571738
29.686146,27.909504,0.9563371063009267,0.9654500753717119
29.694052,28.107111,0.9559029685298888,0.966591735470604
29.72103,28.383274,0.9563722764575371,0.9674390091423328
29.754688,28.416553,0.9576629161429998,0.9677816458128731
29.704117,27.80672,0.9604778897783902,0.9688538307245105
29.64421,27.752094,0.9612013861423724,0.9691768894778539
29.695774,27.82492,0.9622641033016692,0.9695926533953498
29.765322,27.744514,0.9641626384469805,0.9715394707764651
29.623589,27.619936,0.9656017286546347,0.9728587703520439
29.630327,27.559204,0.9676990602380507,0.9745771419435307
29.577908,27.512056,0.9728872975528242,0.9779091095003755
29.575129,27.673407,0.9763101763349586,0.9811730050825683
29.41678,27.661266,0.9839131970687026,0.9872328609824795
30.1108,27.57613,0.9857330786640413,0.9848657269671877
30.117058,27.680904,0.985650540463884,0.9857503198932621
30.151293,27.558268,0.9885889373144798,0.9874021523719859
30.333195,27.747,0.9880873285908274,0.9872743766859916
30.232227,27.711311,0.9877405764288042,0.9864948443277733
30.286177,27.594978,0.9884443894925168,0.9868929746900011
30.404722,27.73476,0.9865582568800306,0.985295939535053
30.271915,27.644459,0.983661296919041,0.9832851761361405
29.97403,27.47432,0.9827410648350592,0.9831540355498053
30.055397,27.355522,0.9896425253781961,0.988755239853569
30.039522,27.180141,0.985790848490816,0.9854032744077392
29.9131,27.131721,0.9859489678561797,0.9854165818528565
30.071533,27.396454,0.9897886526300099,0.9890264518495309
29.779907,26.918108,0.9873246541064171,0.987487172263766
29.807737,27.031996,0.9872221217230683,0.9868396022502763
30.061531,27.540855,0.986437574549505,0.9865820809088803
30.066063,27.439707,0.9876479038083439,0.9877599379079673
29.944946,27.55547,0.9886332114175711,0.9893037109438488
30.008083,27.273724,0.9806748127528151,0.9802972090010983
29.955864,27.093742,0.9826115473157859,0.9813152853786018
29.939003,26.824911,0.9788604489201275,0.9783374748419953
30.027851,26.901896,0.9780742095217625,0.9776040129648133
29.828766,26.747185,0.9794263336240335,0.9791632814320301
29.897991,26.679195,0.9819034287739861,0.9809691596573539
29.801844,26.741936,0.9824122713036925,0.9822362779840697
29.955244,26.609938,0.9890391733243923,0.9880935718703071
29.946796,26.646248,0.98602494553087,0.985562044679774
29.868786,26.784113,0.9864311152914182,0.9864722948658319
29.975527,27.113287,0.9853879225585865,0.9853981056026898
30.08855,26.850403,0.9859954357017665,0.9854747503001267
30.060808,26.734314,0.9846592106391959,0.984156384823994
30.01442,26.767052,0.9826493919834828,0.9821926621899245
29.979353,26.419172,0.9852602638151867,0.9830203063609801
29.951658,26.348211,0.9834961595695574,0.9818397555243318
30.033833,26.380194,0.98673365637887,0.9847583177500826
30.050287,26.584095,0.9877207394099237,0.9857607815238847
30.017845,26.406937,0.9853612077780876,0.9840650444429223
30.002554,26.393894,0.9834555291223374,0.9819116060717178
30.021366,26.56258,0.9829646536577884,0.9813641008581475
30.183208,26.820013,0.9813697126535182,0.9799741241980183
30.134907,27.312733,0.9794995265145282,0.9790277419939387
30.24824,27.197601,0.9776161146444649,0.9770708299053408
30.330017,26.886866,0.9784989848394926,0.9766898657245744
30.1892,27.39801,0.9794424241494987,0.9788311221806411
30.169716,27.38795,0.978718936513983,0.9780453581028141
30.233461,27.387665,0.9773102122162104,0.9772039242730735
30.189478,27.206062,0.9766443342073573,0.9768050932450187
30.272736,27.274801,0.9762065261009931,0.9765213831521674
30.147211,27.34185,0.9766597921963505,0.9765197357577825
30.242996,27.685894,0.975704540073393,0.9755382860462447
30.269459,27.522133,0.9781001125670984,0.9766112820852099
30.256771,27.659018,0.9770376922248412,0.9758146433846027
30.259974,27.587431,0.976921099847519,0.9754763486258368
30.222492,27.561508,0.9775471547646298,0.9762021339190716
30.330923,27.667244,0.975940420742098,0.9746649630253569
30.28064,27.854937,0.9740270285238498,0.9736917738277815
30.21662,27.914299,0.9742714734194383,0.974624772639977
30.227049,27.85901,0.9726821197486005,0.9728955472233511
30.156471,27.756065,0.9732537210432517,0.9739022922367297
30.299997,27.554012,0.9746891920841521,0.975370391088811
30.245232,27.258408,0.9759788269035625,0.9767094238661128
30.26494,27.293129,0.9783875952836497,0.9795103984934809
30.211706,27.346054,0.9812057479509717,0.9827931696458354
30.179531,27.25037,0.9827181381029257,0.9830793674153109
30.313166,27.119148,0.9852271322110616,0.9843866357604824
30.283833,27.275257,0.9852227135902819,0.9849254813943689
30.245975,27.463875,0.9860932666091756,0.9861695884904698
30.308434,27.523048,0.9880159799025333,0.9880392470524847
30.318258,28.666517,0.9843653723724168,0.9898314208910177
30.222471,28.579613,0.9837061264500014,0.9894548898584352
30.26147,29.033943,0.9845371311013805,0.9900182229569094
30.234423,28.830727,0.9830132573557825,0.9889292640303334
30.163116,28.489708,0.9810137781481075,0.9869415169530934
30.275154,28.972847,0.9839913701040667,0.989368853321087
30.268023,28.845388,0.9803335562480595,0.9862984520872913
30.391874,29.177076,0.984920143868222,0.9897272301058424
30.199053,28.868416,0.9834039353598849,0.9886888493288422
30.078514,28.494972,0.9779337140497392,0.9848514221924429
30.32011,29.244663,0.97595265647435,0.9842070270166814
30.165796,29.293955,0.9818098107819467,0.9881438834297308
30.323526,29.149456,0.9799778027347567,0.9864858281337648
30.415613,29.480303,0.9816283696116197,0.9886772156821647
30.496754,29.844269,0.9819025187498591,0.9883942880682398
30.498604,30.528389,0.9789493617051751,0.9874900301169389
30.322979,29.282475,0.9708566002741662,0.9804634555293604
30.342264,28.843746,0.9708121981179674,0.9800037293674092
30.24824,28.214394,0.9760735308864283,0.9838652324038135
30.240974,28.378525,0.984905511847365,0.9895548958763594
30.345028,29.355726,0.9783475038690407,0.9857205201457356
30.34182,29.86678,0.9821025109216441,0.9893679106879097
30.192385,28.800156,0.9787856886141325,0.986451853002838
30.064747,28.645077,0.9743486446260644,0.9827475623913114
30.258987,29.502277,0.9760471054754148,0.9841342217947046
30.37775,30.443956,0.9752448773075497,0.9843305111449139
30.38561,30.697556,0.9773222853646161,0.9864466938556427
30.29533,29.953058,0.979001585355907,0.9871751779690705
29.950483,28.48878,0.9741066498299678,0.9823208354166394
30.254164,29.335394,0.9786580139967672,0.9861115232649184
30.198153,29.424942,0.9759301828591305,0.9842497439367298
29.935368,28.36031,0.9689376004816972,0.9777053996102767
29.830471,27.889977,0.9712916139956909,0.979081910894083
30.063467,28.46615,0.9724064253915593,0.9810496010359426
30.08025,29.0473,0.9763714918710866,0.984929832846085
30.3079,30.348984,0.983810270076723,0.9904954212605576
30.282795,29.489826,0.9782550130879563,0.9865394511547118
30.26981,29.33344,0.9787654356453387,0.9869189464250365
30.063366,28.543951,0.9768985651678953,0.9851118672943108
30.02533,28.9488,0.9803768909211563,0.9885151854014835
30.326942,29.223026,0.9778879406270959,0.9851529060497364
30.153666,28.713634,0.9751084434068239,0.983347126006406
30.245697,29.087534,0.977935128346956,0.9860876891196029
30.208017,29.600033,0.9788644610337425,0.9874102703785935
30.003777,28.86278,0.9786009058408898,0.9865246919040953
29.558788,28.001923,0.9748277207600364,0.9826565951033972
29.571962,28.318325,0.9755049037014892,0.9846174236248558
29.53367,28.176739,0.9755785516082959,0.9839866097995141
29.488194,28.06512,0.9787436388932913,0.9860788115345154
29.430283,27.69154,0.9768120923861853,0.9843227376018026
29.422825,27.852287,0.9764777268569483,0.9839564906221815
29.594543,28.244436,0.9717036635753897,0.9821765697087824
29.552967,28.2864,0.9702989269430288,0.9821194542081891
29.61972,28.36653,0.9690132712404581,0.9808497292834143
29.624292,28.265383,0.9734826656121722,0.9823347874611179
29.55373,28.048195,0.9765175830559283,0.9843657226292054
29.641197,28.023056,0.9761009067624062,0.9836521864678374
29.696558,28.12705,0.9729976939240064,0.981294869109468
29.845478,28.346025,0.9723905786992034,0.9818440080195361
29.679958,28.561691,0.9713659921583934,0.9813393834341582
29.700447,28.509697,0.9734867713997655,0.9830892266601077
29.79609,28.468714,0.9775194484369707,0.9849426402958904
29.533062,28.108568,0.9806381240147796,0.9865859502565021
29.69878,28.041656,0.9847554170800785,0.989178570331346
29.19977,28.089178,0.983796151004228,0.9896790498249872
29.383223,27.40753,0.9783619867767276,0.9856422764041185
29.74016,27.998573,0.9844557985125185,0.9891980237508414
30.076208,26.158598,0.9861158141047897,0.9817657713400763
29.978855,26.383268,0.9887724970460914,0.986137462027273
30.059486,26.20056,0.9880282781354361,0.9842812548994889
29.957418,26.106903,0.9846765390236462,0.9817191889859134
29.932568,26.445894,0.9854241195074364,0.9836862549852952
29.876768,26.051842,0.9891416655211771,0.9870943003780132
29.88327,26.369408,0.9850326201950553,0.9827435597657825
29.945848,26.176548,0.9821919234676927,0.979425456113859
29.843613,26.08055,0.9823296584781293,0.9796422000179237
29.694992,26.02401,0.9814150246612825,0.9788470895069514
29.773884,26.230381,0.982757600898004,0.9808062385359662
29.81838,26.259233,0.9771139152093361,0.9742024549127098
29.787582,26.35684,0.974465872108318,0.9711997401524548
29.800837,26.340107,0.9749283775903487,0.9709141583548327
29.713602,26.21516,0.9763894461435917,0.9717652574538319
29.778364,26.569155,0.9741285087464475,0.9693599442968507
29.829233,26.490604,0.9756342378526609,0.970864296908357
29.892338,26.619156,0.9749987605419028,0.9708043237636432
29.946802,26.571392,0.9759541943571078,0.9703593759886456
29.766144,26.239544,0.9802947134574763,0.9751322636851829
29.84381,26.2344,0.9775743637987714,0.9712443960148966
29.850288,26.218632,0.9754506750906026,0.96905253877152
29.847118,26.187214,0.9742812160493036,0.9669507509937421
29.871443,26.284489,0.9734173801472141,0.9666014862890483
29.654373,26.252167,0.97198109475037,0.9664129785330622
29.785393,26.289696,0.9724677327119581,0.9667324168327449
29.727266,26.186373,0.971935925460759,0.9667350435814416
29.706215,26.247635,0.9718175803339149,0.9674743222921472
29.788134,26.322535,0.9717554976241589,0.9671934089946995
29.756252,26.410902,0.9714033299542192,0.967588948487335
29.861382,26.698185,0.9728431508301707,0.9702518172539425
29.972942,26.679707,0.97230615848191,0.9688914457494691
29.82728,26.635849,0.9717949230160049,0.9685776804272405
29.73344,26.61765,0.971579780359029,0.9683793035652837
29.781487,26.751945,0.9719617969631427,0.9681001465858006
29.777536,26.474258,0.9727198143806075,0.9684064804253577
29.832596,26.476116,0.9719075621878256,0.9675385522737462
29.674776,26.246952,0.9680157311731068,0.9639440397875785
29.809097,26.328926,0.9698196234208499,0.964426722564068
29.80167,26.57808,0.969707716906992,0.9658527166684013
29.860092,26.521725,0.971201075052316,0.9673420963987712
29.649765,26.274708,0.9710524062323267,0.966784885807482
29.700071,26.262985,0.9725093893451535,0.9681396528736914
29.778084,26.613596,0.9711721678811208,0.9671520057394438
29.718744,26.620434,0.9681691155578488,0.9638020552352701
29.789616,26.827784,0.9668521907790304,0.9637541529755845
29.839544,26.845032,0.9669450141691341,0.9632767493580926
29.796505,26.782244,0.9680777014218026,0.9644999446741919
29.819073,26.863914,0.9675809984777652,0.9637775638539157
29.797955,26.868912,0.9695731042513341,0.9659642887632942
29.772743,26.650589,0.9692608203732118,0.9647303699129912
29.76614,26.666843,0.9697557831594168,0.9655443529204942
29.756329,26.308393,0.9708582714427464,0.9664334475202132
29.708948,26.07494,0.9712145433140525,0.9668792451456766
29.620014,26.124899,0.9713569778712325,0.9680429147907803
29.746525,26.24012,0.9724322112240804,0.9681076218812127
29.74333,26.395119,0.9726499359676493,0.9681239105692027
29.869118,26.51496,0.9731222443930597,0.9695545464683567
29.861633,26.58179,0.9705766586828041,0.9667099832598128
29.816326,26.75828,0.9702149318231515,0.9664680304800718
29.863855,26.827229,0.9698508562313742,0.9668808258105787
29.805912,26.630928,0.9710700763040999,0.9681795354298812
29.687119,26.63969,0.975349433305266,0.9738513218340304
29.825123,26.610973,0.9705888771223621,0.9675909845261267
29.876669,26.879871,0.9699435063658265,0.966502598392805
29.928288,26.54829,0.9698754890609693,0.9662072866767234
29.876747,26.516422,0.9701244385769582,0.9659067749545039
29.79143,26.072762,0.9701825212634001,0.96555587408062
29.842281,26.048136,0.9715473480688734,0.9661907770263889
29.868748,26.08065,0.9704144372043876,0.9659128784964002
29.859013,26.228807,0.9689231572935816,0.965527062933789
29.864023,26.180704,0.9705502102533157,0.9653269774244768
29.836979,26.236658,0.9693605780734662,0.963813025082288
29.907015,26.373753,0.9690745913170765,0.9641377075851987
29.989052,26.53511,0.9695787922666018,0.964883368859361
29.975203,26.715994,0.9671422378326147,0.9627622502736022
29.952116,26.51147,0.9688100733252769,0.9635609563974763
29.892118,26.472778,0.9708932277326924,0.9664540286292961
29.975582,26.449106,0.9698745410236215,0.9634283819051238
29.875471,26.374607,0.9694671816153705,0.9634941604255719
29.888193,26.332523,0.9702735850740989,0.9655427663637682
29.892042,26.465311,0.9724510224788152,0.9687696200632208
29.915916,26.577932,0.9713051437785809,0.9676666403079508
29.79017,26.413221,0.9752108676736452,0.9724617356294757
29.785007,25.930145,0.9761114393993002,0.9725175470555605
29.826689,26.102985,0.9769981602845944,0.9741260355496204
29.873392,26.043503,0.9775033281106382,0.973808023985372
29.883797,25.720337,0.9765432113279746,0.9720788141208684
29.663239,25.587187,0.984292409351813,0.980630686860831
29.740221,25.607634,0.9825712990530054,0.9786558198552562
29.8155,25.724037,0.9790356270373534,0.9751854220651958
29.84825,25.749725,0.9791128420224405,0.9746787337736933
29.839123,26.053875,0.9773427437959534,0.973470649045123
29.893446,26.162767,0.9761565044848435,0.9714482755806807
29.970684,26.168339,0.9758141729799997,0.9708698176344461
29.939507,26.622093,0.9750654867251269,0.9715081699768466
29.980211,26.742168,0.9741007283490128,0.9707996983160079
29.987852,26.671923,0.9740349060327602,0.9705463026364535
29.95638,26.451138,0.9748737539590698,0.9707664650101598
29.9238,26.38039,0.97571233842601,0.971795988751493
29.91086,26.436613,0.9768703654673845,0.9721461727317898
29.963625,26.429333,0.9770511122275135,0.9720352592637287
30.0452,26.26855,0.9776975058517232,0.9720490309467488
29.958714,26.226616,0.9779645767061796,0.9720179932536654
29.931328,26.01201,0.9777275839139192,0.970650355210152
29.874905,25.932837,0.9778441169813189,0.9718420964736176
29.94303,25.921986,0.9785415031594725,0.9718895739797295
29.86662,25.966385,0.9783582533588141,0.9720226868312668
29.984446,26.12032,0.9785649225491279,0.9723178098911259
29.961063,26.324852,0.9783629558833918,0.9724450037288422
30.046959,26.637651,0.9787656380072468,0.9743625727470661
30.028875,26.51154,0.9797037748511692,0.9754196595161431
29.985086,26.497932,0.9784538017539285,0.974410966171166
29.99466,26.506271,0.978055154272706,0.9730252149990067
30.012484,26.570969,0.9780633092810276,0.9730410220516409
29.996296,26.554125,0.9804552075544752,0.975672649678506
30.022877,26.395641,0.9839730050472593,0.9801691515334916
29.97437,26.059454,0.9866377954325456,0.9838940056150618
30.119404,27.782286,0.9884011565564118,0.9884825714993957
30.042181,27.321686,0.9812725650188479,0.9817963794377678
30.061361,27.400238,0.9678761896626725,0.9694409191264587
30.063519,27.29314,0.9658261363190904,0.965929058714068
30.043772,27.344095,0.9620498897714017,0.963354810760313
29.927683,27.062796,0.9587929359430724,0.9616132724242338
29.98156,27.308466,0.9608463990547761,0.9628220117207461
30.023384,27.341587,0.9610429974040485,0.9619116559893554
29.953312,27.351887,0.9555515418293209,0.9587554167709639
29.891052,27.264309,0.9552945413035177,0.9580695236826301
29.994896,27.417995,0.9555126642195041,0.9588774246145318
29.884005,27.4984,0.9568301441890287,0.9618935979326336
29.919418,27.44711,0.9631461547615919,0.9664180969149289
30.005478,27.330303,0.9632762205321568,0.9652481666377931
29.97889,27.347813,0.957904644869073,0.9607551943514671
30.085638,27.606102,0.9617119610047005,0.9637958854733691
30.005577,27.25517,0.9631419602568698,0.963201850478911
29.984207,27.36761,0.9597345159058608,0.9626687786791454
29.97868,27.47407,0.9597131629973391,0.9640204110101561
29.917776,27.303436,0.9559428836805154,0.9590619927949555
30.053822,27.715923,0.9548560559180878,0.9594505703991528
30.053688,27.57538,0.9557910999591798,0.9601863930036629
30.072784,27.59851,0.9552450967179517,0.9596736763739983
30.127014,27.909477,0.9569160748760788,0.9616525086307659
30.232182,28.406046,0.9605338167946301,0.9653015812339014
30.157974,28.433092,0.9598850241121023,0.9648437860481738
30.200352,28.395355,0.9581454822578818,0.9653098314308426
30.139637,28.177685,0.9639257893805973,0.968574452992492
30.027863,27.771605,0.964889070132062,0.9692982806557725
30.03602,27.714539,0.9559410337631261,0.9620155373990915
30.104961,27.713799,0.9602861554972844,0.9648385316600957
30.068617,27.528698,0.9572050261947309,0.9624751319931525
30.108812,27.30685,0.9620668461261735,0.965228863303399
30.116568,27.440899,0.9620790112958669,0.964983044377182
30.131273,27.922886,0.9607007688815491,0.9660253732867846
30.1239,27.5535,0.9618353690503286,0.9673880080153732
30.12531,27.872707,0.9620963776036782,0.9684342915252862
30.083895,27.667095,0.9627424031902281,0.9673053773945053
30.073015,27.723112,0.9626574314095109,0.967452271484369
30.268505,28.104195,0.9619375467364435,0.9675019092846896
30.282951,28.306915,0.964926818332846,0.9705507478350135
30.238106,28.212547,0.96378062520313,0.9705844214441132
30.351736,28.391876,0.9654642725149054,0.9714197378140765
30.360191,28.248613,0.9643755673515496,0.969438911642891
30.282795,28.232355,0.9621045720242197,0.968555658067541
30.279902,28.074818,0.9653275596474431,0.9687559461100422
30.303068,28.17292,0.9669035762365933,0.9712014885129796
30.328062,28.147274,0.9663941979821015,0.9718136237352674
30.258568,28.010742,0.972289244283929,0.9759802657003729
30.258324,27.841055,0.9700129748123595,0.9731285336974422
30.14514,27.428205,0.9691987034013076,0.9725789930720632
30.29131,27.782927,0.9704372142549167,0.9734990688259072
30.309269,27.99285,0.9675294891855094,0.9730297082478113
30.33257,27.986988,0.966597697802819,0.9727398803374887
30.384779,28.152962,0.9639217904015565,0.9710216980200118
30.389874,27.921965,0.9663276157201303,0.9701924986544731
30.241558,27.701971,0.9672967694063876,0.969219066677199
30.350685,27.927418,0.9659258330077276,0.9680137297967594
30.290243,27.786049,0.9686043313236289,0.9725247264160041
30.359615,27.919504,0.970608955277388,0.9747327881800442
30.500343,28.541092,0.9739135111617355,0.9779248428260873
30.549843,28.185879,0.9734282931534222,0.9765878925382673
30.58755,27.864689,0.9755713075128655,0.9769313270284175
30.515102,28.144285,0.9739924572391554,0.9767155839561918
30.50126,28.025879,0.9818858409612948,0.9844182877101932
30.001186,26.325018,0.9916908435164885,0.9888301695066549
29.919664,26.400505,0.989430061231891,0.9861216525425409
30.03421,26.77002,0.9897337651756148,0.9866293692035469
30.168846,26.68444,0.9875386400520545,0.9837865913655645
30.26744,26.968231,0.9893502058644724,0.986081178552683
30.259264,27.125534,0.9898588849230233,0.9870306028482938
30.280035,27.136398,0.9879284776567623,0.9845560728594207
30.387,27.470787,0.9883728274682214,0.9856034922393813
30.373697,27.536705,0.9882833861346165,0.9861664884697402
30.461386,27.84731,0.989947971624403,0.9885178443149357
30.490177,27.811052,0.9894468831819556,0.9880703797463487
30.283867,27.323448,0.9866940650772522,0.9850597391815117
30.368412,27.430086,0.9865461739375841,0.9855306533729272
30.404787,27.579159,0.9848859345067504,0.983974676623294
30.39342,27.424992,0.9857469103964666,0.984321042012722
30.358337,27.182512,0.9863981649260505,0.9840795418427446
30.483109,27.250809,0.9877996176873977,0.9854792227257987
30.291012,27.341993,0.9854203066048098,0.9836462085808809
30.232384,27.152256,0.9854090645119892,0.9825739046756994
30.361748,27.231125,0.984917525016205,0.9820894266158228
30.352982,27.579222,0.9868050292332163,0.9852212381667368
30.269073,27.208878,0.985467528822526,0.9831515328134264
30.224989,27.248543,0.9855495983184945,0.9841592375256403
30.249195,27.193487,0.9868739968652216,0.9849573413385332
30.139824,26.773138,0.9856806054174044,0.9825928977742333
30.1678,27.159153,0.9847827257306558,0.9819152395990761
30.12285,26.986923,0.9822450650845103,0.9787323675453398
30.082855,26.74992,0.9839990969829541,0.9801070424161887
30.186409,26.65586,0.9820819050247058,0.9785214968072943
30.072298,26.495014,0.9832316348718978,0.9804182871641899
30.32489,27.251013,0.9873278472129027,0.9859758866054161
30.149227,26.602938,0.9813138512308821,0.9777568833234552
30.202333,26.846697,0.9803663721622186,0.9763608288902375
30.330418,27.146635,0.9811896072653565,0.9791987217557324
30.132553,27.117008,0.982304971415992,0.9806428660007559
30.185625,27.277618,0.9788174064010701,0.9770490870578815
30.112383,27.066818,0.9834203399622011,0.9819643798605101
29.908106,27.082298,0.979962987406151,0.9795586361789241
30.034775,27.26753,0.9764816944136843,0.9753424599348859
30.002224,27.315214,0.9798568183067528,0.9791577294156698
30.136034,27.584812,0.9786774219350013,0.9777466748948936
30.021687,27.417984,0.971728481335917,0.9710933420089
30.253075,27.807169,0.9760085428313879,0.9751568332955384
30.25021,27.538557,0.9764070959258634,0.9746292089110284
30.266834,27.384176,0.9754624662831467,0.9738261138976354
30.161713,27.304869,0.9755959833234144,0.9740378505893018
30.098885,27.090614,0.9765981228788736,0.9749589555962919
30.078518,27.122215,0.974772361020497,0.9727329206852491
30.178328,27.129898,0.9764419560641049,0.9748606508091309
30.14446,27.232548,0.9754574115527963,0.9746923203692246
30.187094,27.228054,0.9762998352498274,0.9742871508496744
30.245667,27.27206,0.9762216046690907,0.9736399331795409
30.153875,27.13685,0.9755956569287604,0.9728223611914901
30.261257,27.14127,0.9786776209330961,0.9753477822614246
30.110209,27.246225,0.9771800131757116,0.976276167986506
30.17991,27.171566,0.9765103432935653,0.975698625787523
30.193699,27.355743,0.9727051729149065,0.9723367156217113
30.294243,27.304722,0.9741726319424282,0.9734318714318427
30.24706,27.481764,0.9757977416410768,0.9760805723752218
30.331207,27.555254,0.9774009658241642,0.9767837645292048
30.417166,27.802174,0.9760820857010597,0.9748878524450714
30.414085,27.565205,0.9745043720413613,0.97246541771871
30.16328,27.202608,0.9716404131147858,0.9687754234343906
30.023907,26.939648,0.9741694020116788,0.9722311543899474
29.99879,26.981792,0.9728699550426626,0.9713877638789041
30.166645,27.149885,0.9737389270983238,0.9725234258960869
30.162891,26.877096,0.9738972254528021,0.9719177042945334
30.222311,27.059212,0.9737571845524469,0.9715537606173987
30.287325,27.480091,0.9700842087161538,0.9694502707949378
30.294746,27.543518,0.9693820948139801,0.9691648397836043
30.37342,27.425482,0.9724984575032668,0.9718357710253231
30.348063,27.720985,0.9719790321390359,0.971272951362166
30.404041,27.589184,0.9700540478494885,0.9696481946904264
30.386955,27.526985,0.9673321022682484,0.9676532274146937
30.435307,27.52557,0.968586037667569,0.967472525391804
30.421171,27.412636,0.9700539193476049,0.967872103696366
30.428185,27.513103,0.9700021483186257,0.967188836849404
30.455086,27.603483,0.9694991649711757,0.9670437985324372
30.418627,27.5929,0.968902545056625,0.9667275442209533
30.509165,27.890179,0.9685471499789996,0.9668892294403133
30.476856,27.765684,0.968117504260185,0.9667801001798134
30.522205,27.839842,0.9677375323561673,0.9659920170465313
30.444239,27.915062,0.9663844709132631,0.9649610051121059
30.418283,27.829605,0.9663221209697269,0.9646884975643668
30.482632,27.938318,0.9666267031574043,0.965350638049566
30.45831,27.972473,0.9672317953642681,0.9663450559727627
30.494267,27.995327,0.9665982505827283,0.9662015119234001
30.358181,27.933619,0.966903864224947,0.9677810167205296
30.480804,27.79945,0.969486512872884,0.9688170183530939
30.402164,27.83258,0.9694763035556164,0.968835528300292
30.453005,27.89878,0.9689190488322461,0.96795751519252
30.482225,28.018066,0.9694030507215232,0.9694927446527293
30.544983,28.118849,0.9684375986035739,0.9694339674452775
30.43328,28.228876,0.9708051048199998,0.9723914865010416
30.498089,28.029854,0.9708038060615479,0.9719398452620309
30.402058,27.950932,0.9700185868528663,0.9706113982760781
30.495636,27.908531,0.9699976187885002,0.9699372408409935
30.450794,27.940891,0.9707936728549951,0.9704889772069725
30.417362,27.704933,0.9752170717416933,0.9738870148630612
30.481983,27.749088,0.9717235457151022,0.9707899963039647
30.40165,27.450483,0.9722963506977307,0.9715589373378679
30.410206,27.327803,0.9759482587866416,0.9750374472165803
30.30834,27.185476,0.9754792127168297,0.9747578883688381
30.242695,26.953907,0.9745236829749192,0.9733221528267394
30.2685,26.939657,0.9746437441028555,0.9736704222182722
30.294651,27.113758,0.9712820963212361,0.9705803942485112
30.350445,27.45043,0.9704677552110731,0.9704463120896378
30.353062,27.596947,0.9688045759103852,0.9684546382811979
30.438599,27.620342,0.9687467961306852,0.9676106990097921
30.354126,27.744843,0.9676509435795831,0.9676620125953083
30.356905,27.705276,0.9674482694311155,0.9677305119823186
30.413609,27.811558,0.9675889717644485,0.9684686321329794
30.435476,27.947567,0.9661545287353576,0.9672786747335235
30.392128,27.86116,0.966889450240514,0.9675791924152529
30.436523,28.067896,0.9656568027166887,0.966443864101298
30.42857,27.796856,0.967090222918496,0.9668465040843088
30.406326,27.52597,0.9683803674966461,0.9674510387009602
30.408632,27.582628,0.9673333795368928,0.9663101513044137
30.414618,27.932741,0.9672164001417809,0.9671191230402796
30.424328,27.705322,0.9674938866390302,0.9672703743677022
30.359114,27.680782,0.9657492345978076,0.9647540821998933
30.501394,27.72663,0.9669489626022205,0.9657425571841044
30.456018,27.676947,0.9669671865718568,0.9656675792654941
30.43626,27.581268,0.9660754065126822,0.9657047423657551
30.436659,27.584856,0.9664720473858317,0.9663182402593558
30.456692,27.697086,0.9654275419289436,0.9666401700646644
30.467394,27.910624,0.9645806930768447,0.9657886062292257
30.564312,28.08554,0.9647904510318764,0.966182570091563
30.591543,28.232037,0.9637919501091499,0.9659364061884722
30.54675,28.423899,0.9636508184772715,0.9661869759348805
30.522165,28.367088,0.9628450648218687,0.9657939065798749
30.599478,28.423708,0.9633313852071875,0.965588527705364
30.559227,28.4011,0.9636063463766508,0.966419471197241
30.602596,28.302107,0.9643234589775687,0.9663230983120245
30.578754,28.299864,0.9647373570269449,0.9657223587944306
30.624832,28.115444,0.9646423379347693,0.9650345722028866
30.541767,28.089256,0.9650477232463389,0.9650514205345412
30.541794,28.205616,0.9637154935517062,0.9646190686632142
30.651972,28.321686,0.9632392908983978,0.9648764026272049
30.670681,28.462336,0.962865515449471,0.9656217626316019
30.664024,28.724766,0.9614086180865308,0.9665156443665305
30.601883,28.74125,0.9625338161745608,0.967547168446689
30.634075,28.452036,0.9643201611762774,0.9672312270313053
30.611832,28.360262,0.9657208716476484,0.9676273589280907
30.62586,28.542706,0.9661012692623301,0.9680985093362245
30.679325,28.591795,0.9662577125283957,0.9677099132672539
30.661755,28.539923,0.9673475621475606,0.9685906340004505
30.633118,28.353493,0.9681362945054907,0.9691498117374248
30.686457,28.389145,0.9683382009624714,0.9693309301157619
30.708483,28.459568,0.9673850888079628,0.9677956822152812
30.68344,28.816635,0.9651911353797783,0.9677349148738168
30.818975,29.04787,0.9654638575434417,0.9675592231167609
30.735922,29.00306,0.9650799843271365,0.9676210764860667
30.711119,28.90744,0.965194227872871,0.9676151332694697
30.65711,28.86017,0.9644339878265898,0.9670510478734445
30.595901,28.606998,0.9663086696943807,0.9680840408123054
30.703943,28.726759,0.9693134215535308,0.9711887028701689
30.578236,28.734,0.9706704210221165,0.9736797013149141
30.603449,28.69914,0.9746190793888516,0.9760380732290594
30.496479,28.542707,0.9759540802131516,0.9769353696895411
30.620975,28.369272,0.9782532173867551,0.9788255536872523
30.53876,28.302494,0.979117667390516,0.9802264894477497
30.528677,28.169704,0.9778259222196719,0.9795775398739829
30.678253,28.58804,0.9829935986226179,0.9845214641444895
30.674227,28.62651,0.9867743961157444,0.9879829599639981
29.477448,26.066008,0.9863931943758887,0.985678828326999
29.639816,25.907957,0.9852476453327964,0.9830052527141895
29.722929,25.288427,0.988532198544162,0.9862203956123841
29.636292,25.131256,0.9896127704440337,0.9874849061543535
29.776613,25.450508,0.984790127581413,0.9831318665940632
29.838297,25.018103,0.9902290582840072,0.9881224282814902
29.750072,25.15955,0.9888910651807589,0.9861190213754565
29.70397,26.239624,0.9858210874746812,0.984306672030236
29.630486,26.104103,0.988060654568062,0.9876496776150184
29.650547,25.771963,0.9862114189585179,0.9859368179174056
29.641182,25.68193,0.9852175419924725,0.9853756228349624
29.741852,25.850973,0.9869703615890091,0.9869461323240714
29.561619,25.941591,0.9831122907049435,0.9830808575066955
29.601145,25.68764,0.9836191567766994,0.9825758240692959
29.46503,25.582958,0.9838659854063345,0.9818239019624008
29.456892,25.475716,0.9838254589689125,0.981869169069618
29.333305,25.392065,0.9799787130403363,0.9785371577196459
29.473936,25.508602,0.9799952469519956,0.9784656159328216
29.581741,25.497778,0.9820982898777281,0.9803365123059234
29.560118,25.096666,0.9863991565125536,0.9841289743767122
29.603409,25.225582,0.9852939735493998,0.9825931480411783
29.517612,25.442764,0.9858503019304412,0.983718126902023
29.524788,25.42564,0.9827614529906449,0.9814398390482771
29.560396,25.301847,0.9845810757134894,0.9832433348717985
29.649038,25.559656,0.9846033629990106,0.9832279071418191
29.778324,25.678835,0.9842663455261161,0.9829494991332628
29.64318,25.744816,0.9834893861239241,0.9822274137559367
29.501068,25.779278,0.9822135537286137,0.9805422276392909
29.500622,25.493023,0.9825460684656069,0.9805868273843424
29.529875,25.24354,0.9836579078828535,0.9815519591842451
29.480381,25.425623,0.9813460400782141,0.9793267027995112
29.35209,25.502073,0.9803843968264085,0.9792064722728611
29.38595,25.474491,0.9808545672282802,0.9796857756692127
29.447859,25.295847,0.9858074535346905,0.9838279684091145
29.39075,25.328466,0.984646080817368,0.9827105897763079
29.509762,25.009308,0.9880831313783165,0.9858132833368034
29.620342,24.917116,0.9889779989646553,0.9866297235333094
29.453972,25.106297,0.9887833550097953,0.9873729337162025
29.44563,25.653267,0.986865625398031,0.9863398597652998
29.692364,25.765612,0.9865410939325978,0.984341858291631
29.57452,25.339264,0.9874098608903352,0.9850940447548661
29.350178,25.651533,0.9854148160294042,0.984037639917379
29.523802,25.169752,0.9897741444181799,0.9874045053888144
29.576069,25.214634,0.9887433159658688,0.9859927606224784
29.800177,25.236725,0.9880179930536243,0.9852416973510589
29.600698,25.400864,0.9863597667020634,0.9840354699795753
29.329254,25.21682,0.9854828163615479,0.9839591810842896
29.70103,25.536535,0.9875230146885835,0.9853412084635647
29.820118,25.447994,0.9875165069715174,0.98634300798573
29.741428,25.761635,0.9861020555853272,0.9842569305847956
29.750698,25.765644,0.9873907759236947,0.986117742209742
29.816467,26.192177,0.9892218906663035,0.9869285401470014
29.906874,26.637367,0.988554494294797,0.986488765170061
30.10788,27.071697,0.9889564835621474,0.9873155198125174
