LDCT_PSNR,Enhanced_PSNR,Bilateral_Lung_PSNR,NLM_Lung_PSNR,BM3D_Lung_PSNR,LDCT_SSIM,Enhanced_SSIM,Bilateral_Lung_SSIM,NLM_Lung_SSIM,BM3D_Lung_SSIM
28.357025,27.733181,27.63007,27.682724,28.606514,0.9824288571880664,0.986263480230673,0.9863500566941686,0.985194921947719,0.989131094068375
28.278088,27.33948,27.16583,27.24768,28.01258,0.9818123891054197,0.9848709245638091,0.9845956816684596,0.9833433595433824,0.9875910507993211
28.130665,27.269869,27.126389,27.335442,27.956078,0.9804549790980751,0.9839100339011336,0.9835585186346838,0.9825193409857784,0.9869102946761069
28.193548,27.166561,27.11504,27.500309,27.914501,0.97833587635717,0.9819217297638785,0.9821703409512943,0.9811283286834519,0.9853166297107698
28.143593,27.266827,27.056995,27.348541,28.035358,0.9786620221337284,0.9827078763437975,0.9823797653928286,0.9807563870885678,0.9860663748955749
27.895626,27.374786,27.402288,27.7333,28.192598,0.9769702662997068,0.9830405221241872,0.9834923740460889,0.9819525239926336,0.9866539162451348
28.144884,26.900557,26.877045,27.426373,27.718494,0.9800197518793364,0.9839672456397994,0.984692085371492,0.9839004822643161,0.9873971314104268
27.689575,26.5543,26.364742,27.009789,27.295204,0.9785870684742896,0.9829820191971337,0.9832095885634919,0.9818733036125833,0.9865046314443874
27.673393,26.487343,26.494034,26.907898,27.193977,0.9751172176660446,0.9801043602759656,0.9808456143336666,0.9794496052643654,0.9843588813663411
27.579615,26.306513,26.318075,26.965828,27.004337,0.9760588209432814,0.9817312469810379,0.9826659905483005,0.9819028360516596,0.9854829021426877
27.677303,26.57442,26.684406,27.058125,27.340797,0.966206530752705,0.9747914046206955,0.9760050187803879,0.9743524879656205,0.9805706809432646
28.006403,26.948023,27.176859,27.541252,27.808552,0.9681062868091973,0.9757008921181517,0.9780128801489981,0.9760092964546937,0.9816929615659692
27.732075,26.518124,26.51817,27.10635,27.269209,0.9643993139972112,0.9731657925157052,0.9747818862522702,0.9730827561534031,0.9794955308123507
27.667374,26.391428,26.358501,26.931316,27.051464,0.9578782001677266,0.9684211564834889,0.9696385015087279,0.9679918206785751,0.9749172234510215
27.793766,26.109798,26.077934,26.57423,26.780092,0.9618674746598963,0.9691440506227414,0.9696344062549435,0.9680597531961941,0.9754155829636019
27.794333,26.073492,26.13377,26.662075,26.783792,0.9612445345367536,0.969330374598091,0.9701027022037759,0.9680794450499824,0.9754952470716519
27.648066,26.14338,26.25469,26.74924,26.885378,0.964108374568375,0.9723840790564416,0.9739623194172422,0.9716828674534039,0.9785495353566553
27.770777,26.468906,26.519684,27.043922,27.231098,0.9621652808185821,0.9705801911702547,0.9718088526780596,0.9695922958278923,0.9770114436192981
27.779387,26.355206,26.452324,26.904547,27.073372,0.9597359500241898,0.9682101695112529,0.9701056960863018,0.968183078215351,0.9749987153690404
27.71135,26.228382,26.284266,26.834715,27.011505,0.956733925078993,0.9649386706940295,0.9674293837667348,0.9656826139711706,0.9729399287467296
27.766125,26.162996,26.2461,26.810364,26.913452,0.9593868751443347,0.9684888793085974,0.9700366672082702,0.9684011008177357,0.9753455046367219
27.962261,26.685694,26.557257,27.109041,27.471176,0.9651493003720545,0.9723198210488848,0.9729136032165522,0.9710293860219981,0.9775139711716689
27.742445,26.51768,26.560444,27.077856,27.248144,0.9555457161823014,0.9660522728738434,0.9677145541807745,0.9660151597183071,0.9732048049373347
27.8076,26.575283,26.666906,27.171371,27.409649,0.9597539800287055,0.9694496497315616,0.9712533878622599,0.9693546485699462,0.9765536073630728
27.926598,26.458769,26.413824,27.101059,27.245695,0.9566687498928474,0.9666848861490146,0.9680154178124003,0.966083124869653,0.9739900318687376
27.982883,26.680357,26.625349,27.084679,27.48676,0.9595056865194079,0.9675058603186524,0.9678329939465006,0.9654440471901063,0.9743198312442278
27.879799,26.63989,26.726263,27.209929,27.426731,0.9574944711820628,0.9659532208977071,0.9670109481769336,0.9643397919002455,0.9728395468447504
27.95512,26.673079,26.899738,27.405457,27.52657,0.9573284673704112,0.9668389524258291,0.9689394055452445,0.966619706920799,0.9741501863759225
27.91397,26.876299,26.927042,27.337112,27.647423,0.960045510289491,0.9708228256287964,0.9724436741384028,0.9706497628995723,0.9774564843500342
27.724354,26.720217,26.93248,27.356167,27.5068,0.9586189721287098,0.9703335723559892,0.9721592220776804,0.9696840097912879,0.9773461459879581
27.834827,26.583763,26.658035,27.155682,27.353619,0.9625228194500351,0.971117533766603,0.9716408740830128,0.9695040339658116,0.9767759009499317
27.80169,26.245611,26.115849,26.621632,26.974968,0.9658595901832622,0.9723591898591997,0.9718237793752886,0.9705066649874787,0.9776248535466596
28.093391,27.133633,27.104094,27.26844,27.919914,0.970687583580544,0.9772421791015236,0.9776617352321396,0.9757711619838304,0.9819519494167874
27.955715,27.134455,27.106684,27.294777,27.939312,0.972308664685872,0.9792190494166869,0.980357265738826,0.9786406348445644,0.9841022455136859
27.96991,26.844923,26.702097,27.149769,27.586214,0.9597390208195282,0.9708346136558128,0.972342841858979,0.9707389886828601,0.9774094007855288
27.90089,26.578861,26.451626,26.946323,27.334435,0.9656281347036134,0.9728079325190224,0.974663630450361,0.9729915540507086,0.9793370071714232
27.92472,26.502333,26.196781,26.566582,27.224987,0.9669879298518606,0.9730616046751324,0.9727756740154467,0.9712056198539551,0.9787703808743633
27.948051,26.540207,26.29829,26.688171,27.202286,0.9651697446795429,0.9732544994750447,0.9740261800770553,0.9725313786836705,0.9787948763831663
27.841911,26.209938,26.169226,26.742142,26.929977,0.96663878684009,0.9753547032022823,0.977293241398202,0.9762813424362643,0.9810796162310058
27.906942,26.449848,26.506477,26.992908,27.178774,0.9657657450201582,0.9754427141010031,0.9777445427333589,0.9761983279365665,0.9813565789029347
28.062153,26.966772,27.097233,27.281168,27.673529,0.9629325164175665,0.9729668638012479,0.974955823270437,0.972784449644825,0.9794504327652429
28.019306,26.986813,26.908573,27.172945,27.673178,0.9645300191008994,0.9738725376770812,0.9746735004509213,0.9726622844275152,0.9794620460932609
28.116043,27.318752,27.162262,27.456236,28.00873,0.9675668099268515,0.9767723899129167,0.9774252375137852,0.9752939346193067,0.9814732005806088
28.113384,27.0315,26.78761,27.069454,27.626549,0.966342786633803,0.9751931760713248,0.975693632738171,0.9735485463886934,0.9800641114362537
28.103773,26.792915,26.480753,26.884916,27.483047,0.9692431380504488,0.9759980338642793,0.976513483111679,0.9752497797747999,0.9810605525395913
27.99997,26.5187,26.21014,26.456089,27.14312,0.9754910409944295,0.9809842252169373,0.9808290370366981,0.9793810678857553,0.9848838982704298
28.006973,26.97624,26.678972,26.76159,27.546589,0.983484045786859,0.9881711569794472,0.9888479352695565,0.9880639071560714,0.9909789294290665
28.087294,26.976604,26.394146,26.491964,27.570374,0.983821328918132,0.9877360515455577,0.9872877982919139,0.9861224450612553,0.9902481141351955
28.18033,27.130108,26.533974,26.52603,27.704603,0.9818412470327573,0.9851665847388391,0.984425278534509,0.9828787707260569,0.9881109330952088
28.185707,27.032948,26.390799,26.237562,27.4891,0.9814842423489687,0.9849720235799514,0.9837542670667784,0.9822622871310381,0.9875198060123993
28.161686,27.184725,26.916235,26.686811,27.702656,0.9762434863571633,0.9824618404020917,0.98252431219115,0.9805647998093004,0.98618850108353
28.17144,27.17693,26.965294,26.724037,27.690031,0.9783761945013426,0.9833333174233463,0.983742567722873,0.9815004682620428,0.9869992535918494
28.148148,26.99102,26.66999,26.393192,27.506054,0.9803744321849786,0.9846818010086765,0.9849743103827988,0.9831598606067694,0.9881311735957542
28.153402,26.44222,25.986496,25.711994,26.816563,0.9836400308129436,0.9860628699636849,0.9851961058571861,0.9841164796171554,0.9883757708740429
28.2206,27.77642,27.523415,27.725286,28.642246,0.9778492961720647,0.98356544144306,0.9844510742701368,0.983780346251288,0.9874919438064629
28.205208,27.38786,27.239592,27.560799,28.163723,0.9811969273959006,0.9850580103110023,0.9858582056724892,0.9851975927166811,0.9885536486670524
28.224936,27.167706,27.081072,27.423695,27.958462,0.9793080263103205,0.9841510337402791,0.9845924274498172,0.9840685208772639,0.9876616101222938
28.257263,27.385326,27.305458,27.51987,28.136013,0.9733029040943377,0.9791959298505398,0.9796394777984928,0.978865436075313,0.983326809748824
28.196356,27.249546,27.151447,27.473602,28.045652,0.9767303297967759,0.9824011362777717,0.9836848608892331,0.9833838766836418,0.9864224071359486
28.265957,27.459026,27.529491,27.714172,28.26174,0.9683046765687983,0.9751083288816028,0.9764714660102602,0.9749436231291946,0.9805248375671785
28.168968,27.327694,27.419365,27.705297,28.176342,0.9792111441610597,0.983988252010421,0.9848453442032742,0.9841620695490707,0.9875661980198778
28.236721,27.480757,27.492409,27.77025,28.38337,0.9591414467563936,0.9692806270901856,0.9708789888671344,0.9690675264961673,0.9766530763389247
28.07976,27.16051,27.037212,27.38638,27.976624,0.9614885155663341,0.9703947234999549,0.9715250412231701,0.9702386472071389,0.9768350473395941
28.067896,27.323835,27.303278,27.61776,28.137917,0.9530714907559452,0.9642424255692272,0.9658700328101769,0.9633258710746889,0.9721778942331926
28.111078,27.32129,27.30314,27.676039,28.18629,0.9555873434638712,0.965550612516954,0.9666663352262259,0.9649795388888759,0.9731560352124714
27.966776,26.999472,26.97957,27.505318,27.827415,0.9544174023240359,0.9647974149421062,0.9655018841171887,0.9639109897598411,0.9719658415067864
27.94497,27.205074,27.268784,27.721846,28.06403,0.9459685197745737,0.960438512372973,0.9626407893459097,0.9605489666847168,0.9698992721428789
27.926762,27.135185,27.173576,27.676125,27.998753,0.9483569921842526,0.9618970598890989,0.9640577326756186,0.9622075636145048,0.9707263937488073
28.031517,27.14661,27.182844,27.701618,28.048656,0.9530063777340866,0.9640696196839691,0.9660320633296288,0.963778349542776,0.9723618277647942
28.161427,27.359528,27.415895,27.925318,28.271646,0.9479478106354765,0.9608268381757089,0.9633958697951863,0.9611815294609733,0.96962157794293
27.975407,27.11035,27.249086,27.822783,27.98974,0.9435492883521776,0.9587077578360733,0.9621772452221897,0.9599437589839162,0.9686304974921741
27.685116,27.087137,27.189884,27.900827,27.941158,0.9358651268893842,0.9560369160500347,0.9607085788094382,0.9589036498144571,0.9668376123673117
27.710228,26.937088,27.007095,27.686478,27.755032,0.9394343849606764,0.9581495555010261,0.9625287812774571,0.9612658428663368,0.9689063264919003
27.585808,26.856522,26.974098,27.684483,27.707586,0.9387578616531101,0.9595304422274786,0.9643483435168738,0.9631154065835219,0.9705046185831565
27.626709,26.985857,26.986866,27.49017,27.806965,0.9416871751427872,0.960502744198826,0.9640111188715935,0.962076228684636,0.9704474558101548
27.582972,26.925419,27.029457,27.467506,27.694592,0.9347339118091799,0.9552990593531562,0.958544645607967,0.9561404251599597,0.9659779395114684
27.556705,26.896715,26.948385,27.434446,27.649036,0.9294868134462146,0.9510763519668207,0.9556800867717234,0.9533969106174158,0.9630600405527354
27.60239,27.029785,27.17006,27.634377,27.823502,0.9289155062998662,0.950995444767478,0.9567801695519913,0.9549495578618258,0.9639005825718171
27.584057,27.025013,27.19344,27.779291,27.835915,0.9274548916361933,0.9514385994458173,0.9567406020638243,0.9552677678358595,0.9636619684799546
27.571186,26.837473,26.918564,27.561775,27.626474,0.9359842220827022,0.9561435456708917,0.9601781035958865,0.9595581922530799,0.9668907111273443
27.701342,26.928053,27.078384,27.68428,27.78857,0.9318709599228727,0.9512551964988233,0.9559497066739274,0.9546473188962669,0.9632691922148651
27.574394,27.007925,27.152897,27.630178,27.78219,0.928992246701308,0.9507368354313311,0.9557377266478304,0.9535297657099313,0.9624474163206361
27.689213,27.389214,27.592495,28.074245,28.263882,0.9318374834563813,0.9531928800735177,0.958486966984434,0.9560019674158332,0.965283362124678
27.72165,27.558197,27.808788,28.144714,28.411194,0.9278921617213081,0.9510849438033031,0.9572917832856164,0.9546920603371651,0.9640355944780088
27.650415,27.546957,27.793715,28.11879,28.34887,0.9311865506828365,0.954465771571695,0.9604661199927775,0.9573911456334034,0.966420980468205
27.690556,27.653194,27.958504,28.244116,28.507507,0.9334301168402294,0.9567267418516016,0.9621796177930021,0.9588932207948636,0.9678850181235024
27.78463,27.65938,27.953728,28.247663,28.524307,0.9360249647775358,0.9567640522256382,0.9628898307884084,0.9598296347837744,0.9685552057730438
27.633781,27.588676,27.832048,28.241339,28.440065,0.9315669440890849,0.9549468509457945,0.960860239260565,0.9581931491217818,0.9666694682663285
27.701405,27.511074,27.747986,28.153437,28.328382,0.9338002954577319,0.9550277723426085,0.9605457137917276,0.9582896126901637,0.9658995626263848
27.839813,27.765913,28.02727,28.291458,28.640516,0.932268770166067,0.9540537918097178,0.9596686261411871,0.9564518906140239,0.9656757627296931
27.841301,27.804184,28.108643,28.468105,28.728535,0.9342004202772914,0.9554200317296491,0.9612985228135782,0.9586241322890999,0.9669377801255099
28.029884,28.230486,28.446144,28.713303,29.167675,0.9381883975241374,0.958775433337034,0.9647221011799241,0.9623133922442586,0.9696348376685505
27.916225,28.072645,28.152525,28.58533,28.96679,0.941499335515192,0.9611899802477649,0.9660025605973694,0.9640801604815354,0.9708105159487549
28.167925,28.165535,28.280396,28.43933,29.069843,0.9417835464413696,0.9601698161048225,0.9647857027297437,0.9615947845527956,0.9703190143365814
28.204494,28.164425,28.200247,28.373135,29.093536,0.9442790657419575,0.9616292566214375,0.9656352080393165,0.9625783888389884,0.9715821912020136
28.101751,27.871483,27.881489,28.181515,28.739227,0.9470667361595755,0.9636597044302798,0.9667908863952899,0.9644915642825772,0.9725015614692807
28.005592,27.617495,27.67314,28.000486,28.52874,0.9467750261976046,0.9629459605867566,0.9664255727518579,0.9641563537706204,0.9725806354852714
28.16757,28.03507,28.14205,28.37688,28.961456,0.9557138018895673,0.9695103558315791,0.9724511241236482,0.9702705135837422,0.9772764692260597
28.146309,27.983027,28.12146,28.340687,28.845816,0.9526070315921547,0.9668104699408124,0.9697205920344516,0.9665661116510503,0.9745480173906993
28.077547,27.627804,27.730322,27.940327,28.506264,0.9440671114395963,0.960068894142255,0.9629947248009442,0.9598106664673343,0.9698365019949895
28.100399,27.507753,27.529219,27.797785,28.368492,0.9456559182358512,0.9611701806087787,0.9644653199234425,0.9620564714828749,0.9708739234912594
27.934212,27.447765,27.49445,27.852049,28.321884,0.9429459996471654,0.9594229808790654,0.9635276462514994,0.9611388660598831,0.9698380750191733
28.069672,27.509947,27.587118,27.937134,28.413961,0.9548287441628595,0.9676961023052907,0.9713033361652272,0.9693158025436759,0.9761990107689389
28.120502,27.59239,27.68709,27.865961,28.449787,0.9500507214877398,0.9647908727343425,0.9672076283444271,0.964926894834894,0.9736434940636511
28.090672,27.59778,27.792511,27.90211,28.39555,0.9463118450315813,0.9623375989264318,0.9657603604273962,0.9631119417071599,0.9715188934179311
28.088104,27.689793,27.883923,28.05993,28.517796,0.942777421496959,0.9605659741283424,0.9641390067366135,0.9609713472506719,0.9700104879870773
27.996607,27.534504,27.711317,28.00851,28.37833,0.9411955585867348,0.9593923402604957,0.9632262053758289,0.9607368311158667,0.9694790561191851
28.028051,27.493551,27.586573,27.838593,28.334717,0.9400952492804024,0.9589716845727552,0.9624012450974118,0.9594029266025864,0.9691871820614036
27.964336,27.07073,27.062662,27.495956,27.857433,0.9440256879794612,0.9600429269917671,0.9631823551050844,0.9609958113504614,0.9695155329781557
27.978685,27.080788,27.061338,27.403154,27.84155,0.9443804662448909,0.9600163243786538,0.9629189459374283,0.9605993093459554,0.9697033905544985
28.022882,27.237722,27.309818,27.629768,28.077852,0.9450203869723158,0.9602646470092234,0.9642127556260304,0.961585731769067,0.9699573645372845
28.036814,27.181082,27.109509,27.497475,27.960901,0.9497831701240292,0.9637480358272908,0.9656017664805988,0.9634282926051855,0.9718784405800768
27.913416,27.032461,26.935345,27.451485,27.818405,0.954493189183798,0.9658460499629653,0.9670873813148497,0.9654345573710269,0.9728280569016016
27.947865,26.80433,26.637093,27.073803,27.50504,0.9511501970028207,0.9635822875892707,0.964400944601622,0.9623970354299219,0.9709343225952071
27.90468,26.911015,26.805296,27.160221,27.61728,0.9568848461176639,0.9676288458052346,0.9685674660109276,0.9659888649300826,0.9739778097854268
27.938032,26.797266,26.67989,26.873846,27.449055,0.9616294303813293,0.9711567753806233,0.9719801789360644,0.9696623783875038,0.9772700563810662
27.928097,26.729523,26.513866,26.837824,27.416,0.9638656189169601,0.9716137377829979,0.9726441490291198,0.9712284991944004,0.977736210003267
27.869572,26.420078,26.130909,26.627466,27.127625,0.9764576138368275,0.9804085674302606,0.9803517947974794,0.9796357778996002,0.9842612171507883
27.920267,26.887856,26.669453,27.061098,27.653908,0.9698698603589999,0.9765426128102607,0.9767798066775516,0.975426987888315,0.9816202238371688
27.852335,26.779833,26.611446,26.965124,27.499287,0.9746909017534903,0.980017552503539,0.9801848050148758,0.9792221840791417,0.9840296566931934
28.017609,27.207249,27.324667,27.397255,27.96666,0.9530640572075125,0.9642364500824754,0.9665858981578157,0.9635812418037484,0.9722972394298701
28.019611,27.421818,27.614756,27.694786,28.152824,0.9634299153559914,0.9733562401188246,0.9755367401185733,0.9731435584878266,0.9795356166820629
28.034441,27.421303,27.524326,27.71927,28.16058,0.9692197707148709,0.9767443368907425,0.9779818346308407,0.9757925073629549,0.9814511994204761
28.035143,27.466936,27.680737,27.82749,28.29421,0.9588346502120243,0.9693591376797859,0.9715871453565972,0.9691502777889105,0.976440253896994
27.989264,27.546797,27.663189,27.734926,28.34179,0.9555719563155138,0.9678444442427981,0.9689018247238418,0.9664530171995359,0.9745154258901282
27.993557,27.575533,27.81194,28.013422,28.40062,0.963039380868481,0.9729456097739861,0.974642940667287,0.9728091600303151,0.978828664720254
28.068417,27.588137,27.740734,27.827843,28.34261,0.9605396473190568,0.9722042361664851,0.9748376080005857,0.9725163365578371,0.9789574053549673
27.996523,27.672104,27.676262,27.776512,28.451027,0.9581855856287004,0.9712752533523124,0.9735376489790211,0.9714032313935219,0.9780791372257898
27.95502,27.506153,27.6071,27.887115,28.280628,0.9630230425121264,0.9740343866752972,0.9762143349915057,0.9742595911415123,0.9799314797094882
27.907394,26.87138,26.853752,27.198828,27.634754,0.9699161487908485,0.9772435951915462,0.9783642716550776,0.9773705242786285,0.9823405430236403
27.903866,26.332758,26.27184,26.635052,26.998022,0.971591457571332,0.9774107795790862,0.9783617175190389,0.9777936042049162,0.9822154483018213
27.854622,26.6143,26.616547,26.932972,27.399672,0.9741874284811001,0.9787726251812042,0.9799868540412079,0.9787000263426321,0.9836272949122361
28.078945,27.285059,27.22033,27.236996,27.998514,0.9599348893710512,0.9691483053388378,0.9704124548376769,0.9673531329615661,0.9759588513353572
27.987421,27.286182,27.189335,27.26838,28.070715,0.9576224507501356,0.9681522563079142,0.9686393498505239,0.965736693873119,0.975216770346217
28.028332,26.987322,26.840467,27.064247,27.721807,0.9663014419762829,0.9728569600793815,0.972731216143052,0.9712301443277939,0.9782568556667408
27.934893,26.844566,26.68587,27.105492,27.607002,0.9738226885741905,0.9789032310370338,0.9786641638428509,0.97757109684329,0.9827963544102117
27.938904,27.08849,27.028221,27.308456,27.822655,0.9725068458381207,0.9785033676610758,0.9788872807937539,0.9778182548520774,0.9826965650028825
28.088516,27.482899,27.599184,27.557041,28.107689,0.9569607587084906,0.9697030278877774,0.9712664492112214,0.968940561094183,0.9760419292041294
27.985538,27.268583,27.338707,27.487791,28.050583,0.9678110097058578,0.9756921325002023,0.9768145954231063,0.9751364330462761,0.9812755531094709
27.872921,26.750002,26.849108,27.048414,27.51712,0.9687754434805019,0.9756295841201381,0.9761222422487655,0.9745259293860786,0.980923508467754
27.938034,27.011139,27.02552,27.296019,27.732944,0.9549807485330191,0.967185405672314,0.9689517485611605,0.9672815964101631,0.9745587408781833
27.963966,26.844414,26.812687,26.981833,27.532291,0.9588596323302597,0.9697062997385623,0.9706660392009823,0.968495426363097,0.9764558700172588
27.968996,26.86914,26.896332,27.050226,27.575636,0.9591313518127375,0.9682718545028963,0.9692092801708647,0.9671940792267397,0.9749966307952608
27.941078,26.801641,26.954496,27.085674,27.590578,0.9541781822249144,0.9632794211072647,0.9651510997825703,0.9627307449385143,0.9713535571728419
27.961332,26.852695,26.86182,27.068842,27.585314,0.9493765920853644,0.9607109021654145,0.9621011872587879,0.9592632686407029,0.9692627504373578
27.920246,26.843653,26.915398,27.192482,27.59673,0.9468874367465746,0.9585521800796248,0.960562760248223,0.9581522397947463,0.967674061681024
27.97826,26.893911,26.776573,27.063387,27.616835,0.9488522178730326,0.9612387318108413,0.9624692036394504,0.9604420476556863,0.9696012084480753
27.977335,26.882282,26.865198,27.058031,27.648428,0.9509713135462515,0.9632630143374545,0.96481872576695,0.9628725742705925,0.9717897720204028
27.975407,26.936405,26.767475,27.110193,27.690145,0.9478783666674105,0.9615948067196959,0.9638441830266352,0.9618290842285572,0.9706659325241933
27.987535,26.987694,26.860678,27.240465,27.73806,0.9467683209847467,0.9629615268848011,0.9653062944487045,0.9636195512007553,0.9718746503198402
27.926208,26.708181,26.613487,27.086306,27.463558,0.9453510616077271,0.960011344248567,0.962429903458395,0.9612873652931105,0.9693337209433912
28.085672,27.001965,26.746765,27.16904,27.753948,0.9484349408981729,0.9625947750457304,0.9648214986809914,0.963736404425862,0.9714318403115472
28.000095,26.879818,26.81393,27.104973,27.608738,0.9466238912002851,0.9621841972590351,0.9654462748714084,0.9642459783522612,0.9716381133504783
28.101204,27.057163,27.04173,27.248785,27.774078,0.9469200038300354,0.9626979148505564,0.9662098175836278,0.9645062678461884,0.9718525123343675
27.887344,26.830023,26.865044,27.191813,27.524548,0.9449014862575249,0.9619414309313337,0.9650806420362208,0.9634862852951287,0.971046596785015
28.073576,26.99127,26.986801,27.249601,27.724964,0.9460307289518506,0.9611260521512743,0.9635744149049646,0.9617120415711963,0.970148631352512
27.987623,26.861507,26.876104,27.041819,27.58167,0.9466046067818267,0.9603063146598125,0.9622585286758016,0.9602446703455876,0.9695378638655318
27.991476,26.881107,26.844265,27.10117,27.604218,0.9468626981146959,0.9611080367454571,0.9632726664128355,0.9624014618711972,0.9703605241309843
28.129751,26.881554,26.772907,26.98599,27.594772,0.9488494121089733,0.9620983625430384,0.9637640730435486,0.9623673947102538,0.9710020610055533
27.971838,26.78232,26.704132,26.86598,27.462656,0.9461160770287332,0.9594799360972526,0.960908202315693,0.9584989124389118,0.9684510158668551
27.957073,26.932213,26.917542,27.05539,27.688114,0.9457560503287408,0.9578807592740816,0.9597859398675281,0.9564803767544041,0.9674331938925333
27.871391,26.926407,26.932041,27.06975,27.675026,0.944768429223738,0.9576454710918932,0.9590178242618764,0.9562119351582589,0.9669443294721087
27.910994,26.809109,26.830303,27.01239,27.566135,0.9461224877156028,0.9580112006285667,0.9599682511576587,0.9577027278006399,0.9676731488051227
27.942675,26.961826,26.996641,27.195797,27.725641,0.9459898233485631,0.9597175577741134,0.9615807417137162,0.958815496551203,0.9691371614685463
28.007185,27.337261,27.29367,27.445642,28.110773,0.9479322327163061,0.9618903640799379,0.9641220744086297,0.9613583314355053,0.970821026670054
27.914991,27.073406,27.10411,27.38268,27.855148,0.9472422092511874,0.9616529652702032,0.9643655326802317,0.9624270918324843,0.9707516589000602
27.866838,26.866083,26.80704,27.139568,27.64505,0.9486810642826718,0.963171390194155,0.9655042428588347,0.9638825136631046,0.9719217175226684
27.71738,26.8458,26.85102,27.236298,27.635262,0.9523155825297657,0.9651209820271964,0.9674993159635026,0.966495826630417,0.9731529142182219
27.893383,26.64873,26.629278,26.92753,27.393627,0.956771636746918,0.9676367662679777,0.9693179637341274,0.9680758021886794,0.9753709954541756
27.948275,26.814404,26.71284,26.853178,27.509022,0.9605805505334886,0.9700740906689349,0.9710980871437652,0.9695211382889699,0.9768363605529918
27.730663,26.64419,26.549496,26.868454,27.374039,0.9584447959732659,0.9692095912586489,0.9709129817798692,0.9698870900565618,0.9762715117451783
27.604235,26.566616,26.60268,26.970976,27.319822,0.962166899448516,0.9719567970941796,0.9742288292238844,0.9732515436994482,0.978769344234947
27.802494,26.740566,26.761276,26.984581,27.530968,0.9582065763222161,0.968437259138598,0.970527722087383,0.9689623290560079,0.9760705089163767
27.993708,26.985483,26.881214,27.081602,27.77592,0.972265696750084,0.9785222108420065,0.9790556282877073,0.9777772108390275,0.9832814118968899
27.943983,26.79901,26.611141,26.918076,27.619774,0.9763061501366629,0.980783231685793,0.9816719443704196,0.9810767405510713,0.9853306360576879
27.92959,26.948729,26.729877,27.06732,27.710426,0.9698511166233403,0.9769043418855673,0.9772030879242751,0.9763223966381803,0.9818173250021
27.998661,27.133722,26.961784,27.157183,27.933443,0.9651105127531784,0.9722893185264988,0.9724304262654514,0.9708052894018223,0.9779844904970373
27.956781,26.926193,26.730686,26.94197,27.692928,0.9664672681096466,0.972629290341653,0.9731556569039935,0.9713109391008796,0.9783424348428909
28.004906,26.706121,26.526546,26.704937,27.453922,0.967751133901631,0.9735479165309687,0.9739893289221104,0.972144525643214,0.9794298014361227
28.11509,27.234009,27.068861,27.023108,27.970877,0.9750246868250675,0.9806497080885977,0.9812504011783258,0.979562839297518,0.9849711557225092
27.866343,26.713514,26.605766,26.76594,27.246033,0.9785287912112834,0.9825050395851193,0.9833376606570636,0.9826449781023521,0.9856923256256765
27.872477,26.379887,26.082329,26.371195,26.92387,0.9770273477259614,0.9810524828650884,0.9810284832851416,0.9805411717734739,0.9843781049840973
27.966251,26.416122,26.337748,26.643692,26.949955,0.9781487873550547,0.9814564822125178,0.9809326918392386,0.9800513702819377,0.9841494794884529
27.904766,26.417095,25.968744,26.37997,26.968285,0.9751568631441876,0.9791229385479585,0.9786195610012818,0.9779482039158138,0.9822970550697561
27.879896,26.094288,25.614708,26.146097,26.638027,0.9753291586816109,0.978537636657456,0.9775666239483775,0.9768649750359346,0.981707680232461
27.70145,25.758265,25.263763,25.828382,26.292988,0.975152666167501,0.9785925375758343,0.9779454694629475,0.977750042373122,0.9822479069584349
27.59991,25.91058,25.481998,25.979645,26.436348,0.9721922782251072,0.9774505977019315,0.976686728212586,0.9764384793299486,0.9814576312864554
27.741371,26.158909,25.92787,26.367622,26.727863,0.971313621095895,0.9760476782085491,0.9760721781239546,0.975095388994698,0.9801525196751395
27.72213,26.257523,25.966585,26.411407,26.810923,0.9712322936258516,0.9762925641675907,0.9759328790098518,0.9753442351123909,0.9802943857385806
27.733385,26.13319,26.007002,26.335737,26.726788,0.9725499174510382,0.9764977564070888,0.9767410660207353,0.9760775275849809,0.9807143757637837
27.567137,25.916756,25.658876,26.060305,26.435513,0.9688796678060939,0.9745561630657018,0.97408674977941,0.9736086773409387,0.9787079639560916
27.807856,26.48391,26.266634,26.643974,27.081623,0.9741469674608209,0.9793004765705029,0.979104347192613,0.9784957915030318,0.982802151359855
27.858402,26.170351,25.938513,26.29943,26.715683,0.9710796954309511,0.9760907578005567,0.9767524543912184,0.9758001971065604,0.9805780949175547
27.710932,26.28635,26.014297,26.397594,26.867401,0.9773007817803848,0.9812346264278462,0.981419784818183,0.9809689388646609,0.984639922096839
27.800041,26.232826,26.099512,26.46482,26.827656,0.9800300929909483,0.9830118868749146,0.9833991582525323,0.9824523935579131,0.9862892331016296
27.758873,26.31116,26.294468,26.71913,26.907127,0.9797406303185415,0.9838135065482205,0.9844185845047243,0.983841109855764,0.9868822299999968
27.828653,26.210691,26.109585,26.42823,26.788418,0.9747846433526044,0.9788176110303134,0.9793151245615291,0.9784741229162712,0.9829606508422963
27.761679,26.542793,26.395718,26.604406,27.153513,0.9683380585209984,0.9747497505968153,0.9760580972864533,0.9747933361623852,0.9799952540441839
27.988577,26.654661,26.550406,26.729294,27.331106,0.9753759062835264,0.9791049195010074,0.9795233616578775,0.9782454306858187,0.9832135326514344
27.89468,26.22342,26.17589,26.341057,26.832077,0.9748562268026297,0.9784736711562781,0.9776998659839761,0.9764585502569488,0.9819346859668319
28.027088,26.18839,25.866468,26.071386,26.706877,0.9788431620732256,0.9815751844381974,0.9808286800125899,0.98001721049705,0.9845216846692902
27.78526,26.336113,26.095383,26.329437,26.867283,0.9730741537728633,0.9778638094728279,0.9775937110325024,0.9766491901523029,0.9814698967232547
27.812122,26.304255,26.222912,26.47556,26.824705,0.9735319792736506,0.9795426501952001,0.9797388927605962,0.9788402852959109,0.9831755587014572
27.803833,26.136759,26.097116,26.535795,26.765114,0.9681945105474198,0.9741509867228448,0.975014824459993,0.9736587196674011,0.9790777042893406
27.759335,26.175228,26.106337,26.418922,26.792553,0.9653935178439926,0.9725679793401082,0.9735225142858435,0.9721954677346906,0.9780374122099843
27.812393,26.160316,25.884169,26.075132,26.725176,0.9638121087184339,0.9704779194501106,0.9704091073836332,0.969061371866716,0.9759459320238008
27.86382,26.337479,26.194239,26.26856,26.83935,0.967295293135982,0.9731064621839779,0.9727702650554296,0.9711058188362378,0.9777151792577445
27.953665,26.574589,26.434565,26.548958,27.12206,0.962148081856964,0.9691004763554943,0.969069194089179,0.9669745592796916,0.9746353414853843
27.951504,26.558931,26.400759,26.469461,27.126255,0.9680619574794005,0.973299994712745,0.9722819040149693,0.9705267023148152,0.9778437193632512
27.955444,26.552399,26.336456,26.483444,27.110497,0.9671531563650958,0.9726123362713852,0.9722595150442901,0.9707985120292836,0.977135012815756
27.887514,26.404709,26.353104,26.573107,27.002235,0.961810945190843,0.9682123162941039,0.9678087734367137,0.9661769547019381,0.9735179083350328
27.797354,26.248234,26.14907,26.192036,26.813843,0.9650113211541115,0.970123488747823,0.9693782517551492,0.9670591925762394,0.97527242040465
27.723473,25.72815,25.430992,25.742184,26.279583,0.9654773085322137,0.9694662564563823,0.9678383199189323,0.9668960887990244,0.9742836485203196
27.795784,25.857756,25.547901,25.85101,26.462181,0.9687001997606915,0.9726663615595776,0.9715980826201726,0.9701695461474792,0.9774180412843396
27.786137,26.091156,25.827162,26.129429,26.688059,0.9644418414493875,0.9701093071253242,0.9696360145848266,0.9685858094511253,0.9755470907048273
27.817476,26.203249,25.89014,26.125408,26.78851,0.9665273289436863,0.9715844643056937,0.9706253059830313,0.9692488476332931,0.9763746126494742
27.806398,25.868393,25.479862,25.751568,26.37967,0.9664882725843037,0.9717782899627885,0.970565673060276,0.969470154005006,0.9767159932779087
27.804691,26.17161,25.937359,26.127216,26.726933,0.9655044761137198,0.9706711680639053,0.969951875283589,0.9682651728448944,0.9758203778744221
27.718952,25.786448,25.499165,25.821724,26.302431,0.9697255381816456,0.9743092010556701,0.9735695565148107,0.9726416851418337,0.97864425935371
27.646145,25.492086,25.057503,25.495546,26.003067,0.9785413527092859,0.9814804164698375,0.9804950831970856,0.9801883403791557,0.9847257665088686
27.799988,25.887754,25.5124,25.85335,26.403015,0.9691927032312847,0.9736717675019676,0.9724488800515257,0.971140722640208,0.9780868923354681
27.83365,26.028164,25.684843,25.966814,26.565077,0.9652986726263617,0.9710612639992702,0.9697799767194122,0.9683618579477944,0.9760509376357245
27.719482,25.663673,25.393261,25.672867,26.172466,0.9669446401760383,0.9711100609408858,0.9696575918962859,0.9685790799623928,0.9757845766758442
27.80834,25.801907,25.505903,25.702717,26.326448,0.9652234052140682,0.970802991893414,0.9699294508263236,0.9689355641652357,0.9760685822161852
27.833576,26.038658,25.726736,25.948915,26.525297,0.9646669959521085,0.9707672860371894,0.9693651973690367,0.9673405617114557,0.9752972054243925
27.872831,26.170269,25.998552,26.12223,26.693094,0.9621823638698316,0.9684858543618171,0.9683582448123106,0.9663364978905871,0.9742804580159616
27.66055,25.831104,25.509329,25.819656,26.359137,0.9644319961055066,0.9707615210533759,0.9697014359318568,0.9687027100359978,0.9757916925255269
27.86608,26.070835,25.697609,25.863094,26.53611,0.9633423488934999,0.9689810756078238,0.967827515710237,0.9662936663051513,0.9740873523836729
27.808016,25.671402,25.171658,25.464024,26.14714,0.9663071321556981,0.9708592759909712,0.9690052402020469,0.9679664985663305,0.9756218370907878
27.864006,25.876999,25.378925,25.565456,26.38749,0.9659267698274756,0.9711374155709702,0.969337129609622,0.967927785675466,0.976367003830495
27.954094,26.155006,25.791504,25.995749,26.691292,0.9626992941173338,0.9683779095499443,0.9668454240601799,0.9654400067698955,0.9738580194122809
27.94607,26.376781,25.954668,26.126234,26.968685,0.9651012712401289,0.9702272290558963,0.9690524158738095,0.9672891536016088,0.9756262773494927
27.958014,26.239988,25.935154,26.123999,26.823792,0.9630758411669361,0.9698724828164745,0.9695438010913074,0.9677134101809437,0.9756600989705119
28.088982,26.45875,26.14892,26.11546,27.008467,0.9627020361109462,0.9692597530296141,0.9680443898508261,0.9657222252791277,0.975272580176996
28.02052,26.438328,26.064255,26.021402,26.9264,0.9609214128133224,0.9680482866471106,0.9669738578641245,0.9647316924268108,0.97369115316377
27.921398,26.264162,25.907963,26.054573,26.784506,0.9636452129521961,0.9700949126270071,0.969218090638628,0.9682010738138493,0.9753793884478975
27.917908,26.251432,25.941803,26.025326,26.82065,0.9633577215450079,0.969519473636374,0.9688694269977443,0.9675056951513313,0.9751273492391419
27.96439,26.492031,26.071589,26.168495,27.00883,0.9625083907247223,0.9694120696393255,0.96821246203823,0.9664045487372213,0.9748681808588433
27.997534,26.45945,26.112597,26.158522,26.989285,0.9632957994249514,0.9684481373671269,0.9677534454882019,0.9655154638584591,0.9738070956781123
28.039186,26.624023,26.289162,26.392544,27.167189,0.9639966377384085,0.9708217005716294,0.970159576045658,0.9680525309383421,0.9762305261053305
27.98864,26.911366,26.641212,26.691364,27.447075,0.961219429282801,0.970719004085137,0.971600360450203,0.9696002651421702,0.9766852015052043
28.028095,26.890059,26.731705,26.684036,27.462132,0.9614678379789894,0.9694226283868327,0.9701937170029566,0.9678176120274243,0.9755484883005985
28.021835,26.654074,26.392279,26.219255,27.13594,0.9622540526559628,0.9691311837375935,0.9681954097976014,0.9652702334328803,0.9747366676146246
28.11289,26.644342,26.286587,26.236347,27.113213,0.9624708995840425,0.9698154161022909,0.9690861311387772,0.9678287002426039,0.9754857464794419
28.190763,27.03224,26.661453,26.587841,27.562178,0.9618378609490338,0.9696903119504507,0.9696379036108965,0.9680838899335961,0.97568754398805
28.122015,26.961044,26.632822,26.444769,27.43313,0.9597457567598473,0.9682358028514843,0.9680092735032839,0.966295479551647,0.9742782405655019
28.082756,27.081684,26.716576,26.46093,27.57869,0.9591743205539479,0.9675469876743422,0.9661660090493774,0.9638347322575131,0.9738734730638998
28.234467,27.19084,26.977713,26.665436,27.716225,0.9602243824354575,0.9671418493214847,0.9665075408348311,0.9638382607777674,0.9732343216163419
28.33953,27.680138,27.61927,27.231976,28.272726,0.9579295115470169,0.9667774033949723,0.9679061405542688,0.9645777517703655,0.9738761764530428
28.247574,27.988186,28.225204,27.879171,28.57129,0.9572954009734453,0.9697298994700047,0.9716170615395388,0.9683794806909385,0.9761581965455226
28.095686,26.603096,26.8231,26.380344,26.898548,0.9703937325508525,0.9779131706149234,0.9788454803463343,0.9767760387194417,0.9817645894816751
28.284012,26.621452,26.797083,26.275116,26.884506,0.9796829568675394,0.984466390956475,0.9845972021374829,0.9827806930194313,0.9871351627286136
28.132355,26.488659,26.775236,26.219032,26.703316,0.9826937138205045,0.9861856868315425,0.9865525615253434,0.9850431158827895,0.9883742948537204
27.260857,24.765694,24.462765,24.526434,25.091263,0.9808705399511372,0.9821520702808848,0.9804884966441287,0.9799278613321812,0.9844682375750599
27.268288,24.831621,24.472061,24.679882,25.198784,0.983140388422337,0.9849832556048446,0.9836921487559079,0.9836273664231261,0.9869715309488399
27.210346,24.78917,24.413033,24.633284,25.154438,0.9801968754748149,0.9817514623339385,0.9803890641772597,0.9801933397355268,0.9842286517167588
27.196333,25.18838,24.810465,25.080288,25.597748,0.9833739585784551,0.9859848192802657,0.9850294509187528,0.9847878610718791,0.9879703410040228
27.409973,24.863113,24.369886,24.547537,25.201286,0.9816071772108235,0.9823263793362885,0.9809102704263564,0.9801530583731034,0.9846357189774887
27.391615,24.933128,24.371311,24.586327,25.242708,0.979465718717398,0.9800542068719318,0.9770599502533691,0.9762082540242479,0.9820509069989308
27.558687,24.832455,24.248291,24.439102,25.13177,0.9800618569296052,0.9787216281251233,0.9749254678554997,0.9738940499074048,0.980507486712667
27.518417,24.626232,23.898804,24.04234,24.89809,0.984472292821471,0.9833478333204754,0.9801186127832345,0.9792633698650982,0.9848585382351733
27.580402,24.781273,24.163721,24.295504,25.103844,0.9840609595643058,0.9828700406998934,0.9803071895838269,0.979628809199088,0.9845081604368261
27.538723,24.71052,24.073826,24.181454,24.97387,0.9841892681794155,0.9830739380072642,0.9801804857454042,0.9796555469685257,0.9845173420481225
27.34456,24.774618,24.221794,24.362034,25.100138,0.9794042718657909,0.9791754405623638,0.9761388590337768,0.9758496438246426,0.9814692600391388
27.233387,24.811531,24.390718,24.601608,25.163559,0.9779256557790161,0.9779527817846786,0.9759945065832084,0.9755992216980348,0.9804783234454418
27.341301,24.737843,24.373514,24.629898,25.125435,0.9814888163317962,0.980503650282902,0.9789970664406676,0.9784111315606975,0.9827754512836284
27.326012,24.756313,24.367592,24.687471,25.179462,0.9796535077648173,0.9792714916033107,0.9775384990167559,0.9765759761475037,0.9820282623180769
27.557,25.076218,24.715187,24.780539,25.453234,0.9841685164341233,0.9839555865148171,0.9822214447369,0.9813783319254958,0.9859126672193169
27.195837,25.231829,24.995613,25.175192,25.684624,0.9779708564717843,0.980203381172301,0.9791256630041626,0.9783054015651178,0.9831368307348621
27.365845,25.28413,24.931715,25.157356,25.716143,0.982001469931253,0.9832537998748478,0.9820309099170561,0.9816465682022975,0.9853611732269207
27.45473,24.977577,24.572964,24.874151,25.415785,0.9827522364445307,0.9826676931287387,0.980617192807309,0.9802149841327515,0.984710418991503
27.578793,25.400707,24.951355,25.223558,25.842722,0.9765501003156319,0.976137467359395,0.972966830481,0.9718617157024033,0.9787222833096889
27.241518,25.089897,24.756672,25.056574,25.493446,0.9755208658258722,0.9757517001796965,0.9730761256610782,0.972504114319672,0.9782440724786676
27.388542,25.304033,25.06749,25.299465,25.733242,0.9719726790911237,0.973145847259999,0.9704992749574718,0.9691741202844177,0.9765061333492205
27.537643,25.257273,24.945211,25.145664,25.650024,0.9750310837100185,0.9753546817383736,0.9723507389581333,0.9710071689853693,0.977858740559818
27.602364,25.285376,24.9485,25.19474,25.700336,0.9768948424260355,0.9767491858102256,0.9747049300686947,0.9736758035525945,0.979355236403107
27.502373,24.926926,24.578798,24.79369,25.34224,0.9822946600084617,0.9811163261850203,0.9787406558969594,0.9782064990174962,0.9831223187080855
27.487583,24.95865,24.5648,24.743515,25.347244,0.9754411169690247,0.9749795986753627,0.9714742583385552,0.9701320166485283,0.9776301847191405
27.390068,24.86863,24.462616,24.672548,25.255932,0.9770746286331357,0.97610812180233,0.9729384357191377,0.9718594896786225,0.9783797012171047
27.199791,24.801495,24.55981,24.844667,25.211178,0.9738054135305501,0.9725314555498944,0.969689343089883,0.9682470625318085,0.9755188612071155
27.063093,24.651049,24.536898,24.76353,25.054527,0.9739901948563718,0.9738741689377564,0.9713136436535574,0.9698266635605213,0.9769500596363226
27.131853,24.81631,24.673908,24.88724,25.228283,0.9757031359041655,0.9759850940624621,0.9741886318254276,0.9728456818392733,0.9790041307994402
27.199474,24.976952,24.839441,25.073547,25.416306,0.971684477467429,0.9730983628381595,0.9709290914623303,0.9698202857497212,0.9766447785365576
27.312944,25.204046,25.102655,25.120567,25.677593,0.9730090011026985,0.9737872582218046,0.9715536890511319,0.9698079488984975,0.9774292700619349
27.401201,25.255466,25.140783,25.191254,25.710028,0.9724017514087032,0.9729836463318466,0.9709959817068818,0.9696503878362026,0.9764703795769449
27.365398,25.220818,25.058386,25.192488,25.678177,0.9706989386824894,0.9724898874736045,0.9697827059075893,0.9690567593467267,0.97601993791585
27.413906,25.035496,24.88904,25.00721,25.486954,0.9727631247612428,0.9731218897789055,0.9707152796311359,0.9702554973288638,0.9765145661333426
27.23526,24.82254,24.717863,24.945232,25.289074,0.9722384780372241,0.9723699404051189,0.97000644786358,0.9694247804113905,0.9755906309306186
27.249573,24.863937,24.677017,24.870903,25.330479,0.9713943244469732,0.9717192045080071,0.9693582581943538,0.9684843938584935,0.975452534871901
27.175198,24.975014,24.723492,24.92811,25.443316,0.9708756320634793,0.9715253246678689,0.968896013687499,0.9678355238754646,0.9750610990291048
27.166998,24.78061,24.537909,24.880009,25.304106,0.9723065393250261,0.9721026522806092,0.9693684560263222,0.9688703700841645,0.9759359541628543
27.279684,24.582863,24.224033,24.575878,25.08646,0.9777243226807558,0.9769441240773362,0.9738799040631578,0.973837419388921,0.9798470795458722
27.222446,24.715992,24.397614,24.818804,25.220392,0.973049570532074,0.9728329765072008,0.9689652955592593,0.9686016803109594,0.9762787016300661
27.259027,24.858055,24.633244,24.984673,25.356773,0.9730293792122398,0.9729144312040354,0.9696051332248167,0.9689410443634565,0.9760150373933936
27.29617,24.811724,24.581139,25.003395,25.324852,0.9723776040428836,0.9724668324009164,0.9702435461875056,0.9697202520731169,0.9762211794639474
27.38778,25.019037,24.815321,25.270643,25.559452,0.9767476222965347,0.9759161040504883,0.9741701465119837,0.9736337434450346,0.9791419024059113
27.434204,25.184927,25.08013,25.529995,25.734041,0.9711912004640421,0.9720094471318825,0.9709136096204782,0.9702727477197298,0.9758836635277695
27.306015,25.093616,24.910194,25.277554,25.610552,0.9748367215440458,0.9755467481857173,0.9742963168758493,0.9732909046035096,0.9787890919932901
27.288567,24.962664,24.72664,25.143898,25.508873,0.9754438475645607,0.9767946373750969,0.9752766636474253,0.9747628090293611,0.9801837685531425
27.435846,25.102251,24.893105,25.235245,25.624477,0.9775316807499452,0.9790844629419181,0.97778148019737,0.9770323600859872,0.9820833201692488
27.328003,24.840786,24.540682,24.78685,25.329075,0.9775873165511942,0.9777599470435415,0.9754782844991389,0.9745421003966185,0.9808214127769612
27.346226,24.896286,24.692425,24.910982,25.365593,0.9772260474991589,0.9766105995484617,0.973941180658176,0.9728045105883533,0.9793080476737188
27.349443,25.1321,24.927176,25.180485,25.641554,0.9784869409924863,0.9785004655234556,0.9760737694064637,0.9748626986551414,0.9812246205128314
27.331104,24.983519,24.798561,25.07623,25.48239,0.9775579469799195,0.978026334792641,0.9760334151303091,0.9753264032301552,0.980682597578768
27.26124,24.727436,24.481447,24.759558,25.1661,0.980927234309027,0.9804162152832214,0.9787710206134642,0.9779685390059315,0.9828263105122035
27.428802,25.077305,24.824255,24.972288,25.52893,0.9827686717915934,0.9834496568006035,0.9819563437446983,0.9810925368343579,0.9855267117365213
27.519981,25.518776,25.301287,25.473843,26.000517,0.9831714228247928,0.9838996105618674,0.9828415962954636,0.9821037707232869,0.9861446209807103
27.496868,25.67064,25.57194,25.703182,26.19934,0.9839629788656445,0.9854902309235364,0.985200711561522,0.9844128496778861,0.987693201273805
27.440111,25.526283,25.391626,25.645721,26.073553,0.9845552861222132,0.9863543200197863,0.9862855057873462,0.9855762235962809,0.9885689246594146
27.45796,25.373524,25.28515,25.487383,25.902641,0.9838170022462398,0.9853281056147498,0.9847290929847655,0.9840662130009825,0.9875085469190459
27.525635,25.611298,25.456444,25.580767,26.16522,0.984027828136176,0.9855768331604956,0.9845772732749251,0.983867513898956,0.9879053953390368
27.578802,25.702492,25.627857,25.75697,26.266481,0.9827128534257449,0.9846292566769079,0.9840790094615192,0.9834175385145641,0.9871169470209751
27.563189,25.083202,25.08436,25.039824,25.517326,0.9795299281048211,0.9808320199738448,0.9805137270454927,0.9792649963120656,0.983665565198118
27.547897,25.256058,25.218891,24.997131,25.675295,0.9759379243485309,0.9768503138731447,0.9759317576757854,0.9736837446920076,0.9804372098211036
27.583502,25.09183,25.025414,24.847088,25.47265,0.974988517970269,0.9756663606120429,0.9737281846858977,0.9711619782072534,0.9787923539684968
27.549522,25.352068,25.310616,25.26138,25.807209,0.9751357451729851,0.9761620354519663,0.9752033472393884,0.973014475532027,0.9796954260552355
27.492874,25.033398,24.956413,24.98123,25.485573,0.9783140250854826,0.979285135361124,0.9784828043912965,0.9766246964147136,0.9824161603753787
27.332277,24.864147,24.592752,24.671383,25.26992,0.9775481855296237,0.9793834120580966,0.9778049369847432,0.9761589263517984,0.9823331666726236
27.296581,24.40305,24.017105,24.277304,24.812765,0.9788255682211748,0.9791229817237058,0.9767897777179849,0.9761923412447276,0.9817768737940197
27.277996,24.53102,24.272013,24.584026,24.991282,0.9806488836614092,0.9799316416226438,0.9777895859572145,0.977357598246713,0.9825421976683526
27.368834,24.549398,24.220755,24.277458,24.885365,0.9831007204846959,0.9830888559473089,0.9813780816766801,0.9805385476701326,0.9849722456546625
27.326338,24.19508,24.174902,23.993776,24.502743,0.9869896119239917,0.9875979869447921,0.9865845176671898,0.9855654210535597,0.989233401408141
27.241507,24.255991,24.311398,24.179476,24.632282,0.9866802651284924,0.9878271009271511,0.9872160029510674,0.9864042821346388,0.9897916943767675
27.23028,23.820827,23.387583,23.395708,24.092766,0.9881460313918778,0.9873571648295629,0.9851324868400088,0.9846908534514288,0.9888099887362906
27.205807,23.911497,23.552094,23.539433,24.219429,0.9876663976269537,0.9875022035003245,0.9856224621961663,0.9850184375889272,0.98900062849959
27.254139,23.92332,23.591686,23.553486,24.21087,0.9861409542644604,0.9852967536658229,0.9833775518821763,0.9825937533415464,0.9870088608303517
27.31187,24.06416,23.66599,23.66705,24.362354,0.9856197346505813,0.9846508204789155,0.9824573203637479,0.9817699107574223,0.9862774691701859
27.316498,24.23153,23.81591,23.80768,24.539335,0.986142729632685,0.9851233202695593,0.9830355918120581,0.9822692331435756,0.9867283094052313
27.26328,24.014797,23.642101,23.606724,24.341507,0.9874022148029137,0.9868392667151036,0.9851486999459823,0.9845764266697201,0.9883085696430617
27.312737,24.112686,23.794651,23.767494,24.480766,0.9877077557617848,0.9872969663903104,0.9859748416655177,0.9856558712947339,0.9890855216439097
27.475464,24.699833,24.179665,24.201488,25.077045,0.9863687668196305,0.9863987917883064,0.9841719117724903,0.9839431611000239,0.9881454516388392
27.568771,24.967129,24.507711,24.233362,25.237806,0.9851529638649801,0.9858912889270934,0.9836870741592243,0.9825055845871923,0.9877543327348242
27.544552,24.799013,24.444515,24.029617,25.047966,0.985764967597714,0.986757498609606,0.9847830895884875,0.9833279416700518,0.9885424515267509
27.965069,27.106258,27.458122,27.541616,27.94176,0.9821760191783412,0.9855044606622779,0.9861347317397288,0.9848704038820897,0.9885123161187482
27.7351,26.957512,27.288097,27.6595,27.891796,0.9659038401729718,0.9739101721936265,0.9751377886328466,0.9724431161311621,0.979909143318275
27.833595,27.338066,28.061258,28.346535,28.375597,0.9760137726789001,0.981793123712021,0.9835901081622104,0.9812671366174193,0.9860790885641404
27.820606,26.733152,27.04692,27.299881,27.619417,0.9643674823059829,0.9715582362451478,0.9721399313715542,0.9696013386226701,0.9773448901924181
27.81206,26.79445,27.134542,27.408646,27.732338,0.9790000143691705,0.9837241745118942,0.9846725045413242,0.9835292942808943,0.9875111096817247
27.806862,26.579746,26.860107,27.23256,27.428547,0.959732483408158,0.9663740557350183,0.9669053686821159,0.9646230047633949,0.9730108137262706
27.808084,26.722662,26.997482,27.239677,27.564758,0.9525003160003113,0.9609607119652658,0.9614631053268305,0.9578649979998899,0.9686753336826387
27.742931,26.502487,26.927334,27.36251,27.425377,0.9564751609137891,0.9650337780369234,0.9665100347055965,0.9639614417903436,0.9727188092517264
27.836132,26.755335,27.040524,27.42605,27.670288,0.9588700794867888,0.9669408503148755,0.9680348103460477,0.965159128776774,0.9740144030255707
27.78065,26.562908,26.866283,27.203398,27.4158,0.950355267509215,0.9592033542010447,0.960634859272178,0.9566266923753425,0.967533755483447
27.793728,26.54451,26.857464,27.340492,27.417652,0.9599017191820117,0.9686478939478962,0.9704737197033618,0.9682856907685661,0.9755622745230118
27.659866,26.276007,26.610615,27.088058,27.045717,0.9474662879608524,0.9581070194115238,0.959833846779287,0.9564600984712823,0.966793413732442
27.67606,26.543074,26.824066,27.163458,27.316858,0.947655639167079,0.9595120744284283,0.9617740048382336,0.9580659578435474,0.9684408172250011
27.626808,26.439695,26.866928,27.320347,27.282465,0.9481759482853571,0.9606259516170068,0.9641418532664362,0.9609848638461207,0.9702672646254886
27.538576,26.331041,26.652212,27.066376,27.114834,0.9464711513588582,0.9597232298970536,0.9629698131614111,0.9596588868425434,0.969275010301358
27.479284,26.421818,26.645248,26.987555,27.15867,0.9381125213875131,0.9543542759653478,0.9571058190122014,0.9540240490356379,0.9645618386709519
27.393515,26.379955,26.632702,27.068499,27.084679,0.9388519747437902,0.9552824366203657,0.9587573541475294,0.9556222626933508,0.9651419797968664
27.429913,26.408594,26.715452,27.229443,27.177713,0.9397470606780949,0.9553581709205005,0.9591479674148227,0.956718191898489,0.9657297940995855
27.682259,26.961832,27.318542,27.724182,27.79721,0.9481389720580283,0.962063885191368,0.9653367126414657,0.9623432036312147,0.9707657834774108
27.710098,27.043285,27.33073,27.73584,27.949295,0.9441831746264794,0.9604856909192859,0.963788770551939,0.9606444705272152,0.9708012149965218
27.598103,26.81716,27.17812,27.617281,27.717173,0.9558031959500652,0.9687021169343855,0.9722500252387711,0.9695631809830391,0.9769357728764838
27.642763,26.718079,27.119415,27.667227,27.596224,0.942354755824732,0.959244394923729,0.9640488860890001,0.9609866446732163,0.9697172779063593
27.619104,26.350437,26.615276,27.117786,27.143665,0.9557337065679583,0.9662943904538996,0.9689194537867597,0.9668121036598774,0.9742880688201251
27.559423,26.291086,26.56845,27.036617,27.0366,0.9608827285265695,0.9712554370358587,0.9737601087451662,0.9722343513995227,0.977711153690913
27.711666,27.062584,27.514116,27.909027,27.857994,0.9338137564774456,0.9561422870951044,0.9618698988095256,0.9584495850448596,0.9677040856457588
27.696121,27.213213,27.859535,28.188124,28.127285,0.9378689410400282,0.9577715960989425,0.9644797853030113,0.9610892721456635,0.9698385865390874
27.731178,27.036312,27.46053,27.687609,27.85533,0.9282856630306758,0.9499169477433742,0.9550108582373392,0.9501353653834164,0.9623441470473496
27.762314,26.945179,27.418337,27.599922,27.75242,0.9467230350551785,0.9610493828577494,0.9654313236189289,0.9617781832209058,0.9707262642232531
27.684025,26.906906,27.294884,27.482567,27.718472,0.9500378018666494,0.9635718270370263,0.9675365965107002,0.9641412822890947,0.9726654378812424
27.694532,26.731245,27.088299,27.336788,27.541328,0.9381797112433194,0.954441460484113,0.9580884415133668,0.9539349729756833,0.9653269671414442
27.825335,27.037205,27.510006,27.691233,27.868555,0.9435644622230238,0.9594325309229051,0.9640927495320358,0.9603643644028482,0.9692449921766496
27.766169,27.049362,27.554417,27.840807,27.991617,0.9418458871218771,0.9593412683917376,0.9641638941197137,0.9604674086103779,0.9705226696581235
27.778522,26.69305,27.035997,27.310677,27.506386,0.9423929785680143,0.9581292223331207,0.9621344436053159,0.9584711677559643,0.968734174559765
27.801441,26.783476,27.130453,27.406294,27.608635,0.9436821032565575,0.958929347901257,0.963297191833676,0.9598159952046327,0.969194481212695
27.885086,27.00533,27.321398,27.565647,27.805082,0.9448791923932804,0.9595410410233843,0.9638497536899479,0.9602815587875321,0.9693465565820548
27.8878,26.980637,27.400185,27.62679,27.860065,0.9495103005564562,0.9620952644919538,0.9662782617404988,0.9636684612403954,0.9713641598088654
27.780682,26.87358,27.288368,27.603088,27.74928,0.9481179924911758,0.9612864177372523,0.9647562545473665,0.9612950889312237,0.9705737833791
27.83479,27.016497,27.535847,27.714241,27.888668,0.9468711765222027,0.9599629063450515,0.9639711547047857,0.9594179205032494,0.9695817028437281
27.873714,27.252682,27.701794,27.751791,28.172447,0.9424074242283855,0.9581584176067406,0.9619873515916751,0.9571032074476026,0.9687967762240108
27.907078,26.823925,27.076412,27.289335,27.612602,0.9511457225415637,0.9641790924381873,0.966953500883694,0.9635077377826747,0.9725328128174441
27.783264,26.448818,26.68945,26.98106,27.233526,0.9482746239552011,0.9606643695478605,0.9629113832693955,0.9599953657339892,0.9697657900153134
27.87989,26.834625,27.141949,27.325037,27.67041,0.9423259085569486,0.9563609651948421,0.9599721654191238,0.9557601266743369,0.9668461440127606
27.893045,27.068518,27.37101,27.541906,27.908705,0.9406685133180664,0.9566401617703101,0.9608907647885493,0.9563188295823695,0.9672895939242407
27.856926,27.247469,27.730808,27.906359,28.153238,0.9404663114710972,0.9572330449141918,0.9626063760055157,0.9575889899249281,0.9682274773778851
27.798355,27.064116,27.441233,27.602047,27.92315,0.9380144829536906,0.9543415907942142,0.9582654824315091,0.9536845207606154,0.9650380651298541
27.78885,26.69125,26.987135,27.30941,27.554405,0.9350536385590292,0.949123213422202,0.9527692474776158,0.948466961870948,0.9607596102718784
27.841995,26.624638,26.862324,27.229223,27.534533,0.9393186210301187,0.9525129190236402,0.9560580466110643,0.9524871131653484,0.96387363124554
27.897005,26.838905,27.0685,27.347473,27.753344,0.9357222719778127,0.9502257675303909,0.9535503862084199,0.9485715198617927,0.9618606438533828
27.823357,26.85984,27.170631,27.402494,27.762602,0.934535174410661,0.9504541066073214,0.9539059896950829,0.949138351932123,0.9622944313579128
27.87725,27.125225,27.571295,27.70918,28.060116,0.9310508277757549,0.94778760021652,0.9532333805458253,0.9476759336221475,0.960558068462758
27.88644,27.379719,27.797586,27.919544,28.327694,0.9278960890764064,0.9478647152882959,0.9527542894518524,0.9471749189868506,0.9612852535734127
27.895016,27.250248,27.57952,27.781834,28.188747,0.9273819320277374,0.9440472824799466,0.9473074404177072,0.9417698656404117,0.9568150870404918
27.880642,27.042591,27.263231,27.42606,27.923813,0.9269049483225539,0.9433812151406884,0.9461145049611561,0.9407994471576867,0.9564445015787333
27.769258,27.048962,27.293203,27.566257,27.97758,0.9282717707350604,0.9461991345250695,0.949981422630786,0.9463606115946998,0.9591297263540843
27.82171,27.274353,27.695251,27.770903,28.226498,0.931463999260537,0.9490333586120743,0.9531276989166005,0.947938701536654,0.9613673415165201
27.838398,27.610813,28.2613,28.278801,28.59991,0.9228564691498137,0.9463359701835335,0.9533213204033549,0.9469090344253335,0.9610324878819497
27.904469,27.838137,28.406185,28.442457,28.826504,0.9285306478171428,0.9496273569667609,0.9555036875743461,0.9494208574556243,0.9629701511208448
27.98609,27.82841,28.232086,28.229893,28.78526,0.9374686473776469,0.9537906776067541,0.956813783624656,0.9516917925226341,0.9646075487582183
27.937948,27.314882,27.619076,27.496384,28.17127,0.9419577914034358,0.9540819904688363,0.9548518829458627,0.9503463707249931,0.9635598320641653
27.926752,27.40509,27.627464,27.474072,28.283024,0.952859430928039,0.9630237748901498,0.9650027216452212,0.9601418210215078,0.9715030280954572
27.93505,28.12775,28.668604,28.283783,29.075005,0.9719455628096335,0.979974318768588,0.981479093543933,0.9784254520519926,0.9846660709919178
27.990274,28.05424,28.73769,28.132133,28.986433,0.979558480995025,0.9849293785918369,0.9864138423515724,0.9839992947073534,0.988661592902052
27.982674,27.815338,28.142519,27.668028,28.717459,0.962830741025207,0.9726592056696735,0.974606725760523,0.9705214018543146,0.9793693563991693
28.011677,27.861708,28.099102,27.613707,28.607738,0.9648673656389307,0.9740633565820944,0.9748639599930758,0.971657086346622,0.9797239630148459
28.045021,27.229366,27.306425,26.817257,27.817804,0.9747532527354215,0.9803922200503391,0.9805126603847056,0.9784879333373867,0.9843652533879519
28.373907,27.95202,28.402328,28.364803,28.72803,0.9675311613573321,0.9800116288260776,0.9834532077954294,0.9816146971498864,0.9861125797977888
28.241102,27.67269,28.186457,28.425365,28.4921,0.9618204378108305,0.9755291074755218,0.9797954429601212,0.9782143662549938,0.9828579992140398
28.67179,28.088612,28.488073,28.771683,29.037504,0.9692392245031182,0.9793945064354077,0.9824522924005881,0.9811059751935525,0.9854997335484212
28.751505,28.513401,29.053156,29.00153,29.718826,0.977580872427474,0.9847147040265003,0.9877444791442228,0.9863677908003816,0.9897614308960442
28.624792,28.20987,28.59947,28.93996,29.229687,0.9744549850036706,0.982836727928771,0.9859288465433318,0.9847132516134859,0.9878274769498373
28.582634,27.992802,28.447683,28.780773,28.983284,0.9710119229977147,0.980175817412757,0.9837902421317823,0.9822852746766777,0.986254748602598
28.355976,27.86788,28.381845,29.01942,28.90599,0.9654843699292439,0.97759978434414,0.9820473390526051,0.9805355633639741,0.9845390053471986
28.356497,27.510004,28.027746,28.904888,28.569363,0.9588307097987094,0.9736572567331436,0.979133984016059,0.9784761997611313,0.9823750422560913
28.472439,27.645626,28.21079,29.000414,28.674889,0.9496292159571575,0.9685418336634192,0.9757942531909295,0.9745952379093544,0.9789751003319844
28.515984,27.80112,28.412275,29.156897,28.825396,0.9477312630147339,0.9668695193384282,0.97430578965354,0.9728795077870743,0.9775982666072475
28.442219,27.823822,28.34277,29.09615,28.88303,0.9430618990856307,0.9648624612759491,0.9724921025115795,0.9707855845276762,0.9768246051204177
28.352428,27.811024,28.445004,29.28986,28.92875,0.940803880217291,0.9618912333722299,0.970508272962107,0.9684619169855583,0.974504815364118
28.146671,27.618004,28.204807,28.995943,28.675037,0.9350755221503992,0.9596777222168872,0.9686743668802664,0.9665677783059119,0.9733244647947206
28.265097,27.726774,28.329594,29.062597,28.795584,0.9397124676185901,0.9616508429657611,0.9697133043631089,0.967551380204413,0.9740767713429145
28.332174,27.566593,28.217237,28.97536,28.605919,0.9411705192253565,0.962835443186911,0.9713645241787868,0.9694405382094874,0.9753732236419148
27.946636,27.149038,27.663177,28.397142,28.05689,0.9309099256873555,0.956850479149187,0.9667882735615133,0.9649973184762394,0.9713604335652886
27.949125,27.51024,28.04958,28.701714,28.4425,0.9270650383836543,0.9562405597830425,0.9661649870288512,0.9634545924395375,0.9711217051935448
28.07682,27.366476,28.021973,28.619778,28.371952,0.934907955064664,0.9570368269343498,0.9664635492226582,0.9629799900097927,0.9709567325513735
28.182068,27.468245,28.081263,28.725977,28.501741,0.9370463196466463,0.9587186117503159,0.9666539792365281,0.9635268844457838,0.9711839190976086
28.240261,27.647312,28.290142,28.822632,28.658236,0.9342730113413155,0.957383097210352,0.966321702298406,0.9627197623232441,0.9706914007609485
28.076334,27.49264,28.184736,28.813059,28.509253,0.9310835555926387,0.9548445720504406,0.9639937054002723,0.9608679298934512,0.9687564243940976
28.147537,27.371758,27.909325,28.395325,28.34513,0.9349835303227398,0.9562897541406572,0.9638040358395841,0.9602338227073437,0.9691064836143298
27.837929,27.334496,27.977907,28.471575,28.239052,0.9189458691986546,0.9480636122738535,0.9589177025492316,0.9549062901378567,0.9642066681681415
27.800245,27.149942,27.762241,28.263603,27.993202,0.9150065029680376,0.946366424622385,0.9573397226015309,0.9530665059236318,0.962826170268551
27.835472,27.11901,27.684952,28.273294,28.030838,0.922410390178652,0.9504492304178916,0.9596541612242095,0.955902501856789,0.9655566056373324
27.832504,27.135368,27.77262,28.397945,28.050032,0.9208070113453545,0.9482817388025725,0.9584974465004846,0.9548360946353515,0.9637684817966653
27.98602,27.386211,28.043669,28.669758,28.307608,0.9215789647785799,0.9506233981143326,0.960258137585293,0.9564372999036792,0.9652386754739566
27.882784,27.18712,27.811365,28.385815,28.082392,0.9196524287705713,0.9485264385593144,0.9587848999760766,0.9546957732063749,0.9643488876751708
27.791676,26.947775,27.520412,28.12701,27.839415,0.9225105111074852,0.9484212978198749,0.9579857189065709,0.9547975950836893,0.9638686442103181
27.917355,27.04357,27.54636,28.149525,27.979548,0.9259525903084825,0.9504345657418902,0.9591496922449971,0.9558002232919646,0.9650611341768768
27.950562,27.15739,27.71352,28.393824,28.082344,0.9328062027187856,0.9549161465108003,0.962201766934907,0.9594907430019154,0.9672995270517017
27.894733,27.228212,27.80671,28.38794,28.186834,0.9281662605917284,0.9513747820901268,0.9591532289779432,0.9559489051535546,0.9648876478778128
27.984959,27.230608,27.830235,28.350153,28.205612,0.9228973281516745,0.947967571463618,0.9574574093902591,0.9535138891184091,0.9635434148137934
28.117157,27.500477,28.166058,28.66969,28.508959,0.9240624866226151,0.948739117694195,0.9567597715446019,0.9530681142873526,0.9627344852315174
28.21576,27.65767,28.471968,28.87945,28.754238,0.9216328064974462,0.9478400797013259,0.9579126908637221,0.9540649076288801,0.9636256513894595
28.393002,28.183088,28.985281,29.27638,29.36501,0.9233196654028872,0.9487924510655424,0.9582974025245398,0.9528606498334334,0.9640184052020349
28.468122,28.638342,29.429886,29.587881,29.80394,0.922960354513797,0.9496877476643178,0.958588327362147,0.9524209674751547,0.9644997027858764
28.40641,28.21821,28.958914,29.105577,29.294857,0.9281674812651065,0.9521157250592142,0.9593341406345547,0.9531835305529192,0.9655029903876452
28.348082,27.924397,28.574146,28.98513,28.96558,0.9244363706331791,0.9508606310966479,0.960873802204069,0.9563853822258123,0.9657339158854582
28.330471,27.893522,28.393545,28.829248,28.860167,0.9271936251075238,0.9541453099106174,0.9623782947650413,0.9590622634890438,0.9676601683530954
28.351646,27.958435,28.386688,28.820927,28.970787,0.9282113649866531,0.9552472975435562,0.9632520189346682,0.9605371698702341,0.969168672819525
28.326752,28.100952,28.683392,28.997099,29.058247,0.920894376536596,0.9494365474367521,0.9591600003948699,0.954251603391449,0.9641451548534307
28.198603,27.929596,28.523945,28.883133,28.916176,0.9215320995232215,0.9500351218464587,0.9589618536087683,0.9544201339407982,0.964826763677852
28.327543,28.079464,28.79166,29.051085,29.094667,0.9318189723975442,0.956468970904203,0.9652733276196652,0.961260519326981,0.9697310885043722
28.144554,27.38984,28.107628,28.393705,28.327133,0.9350419819585365,0.9562483390969229,0.9642383955360515,0.9601725113401025,0.9691554889593668
28.146544,27.56435,28.37381,28.629639,28.587719,0.9344865101467414,0.9558139071827619,0.9639625998092861,0.9607365630712805,0.9685287365855481
28.080149,27.763874,28.5252,28.862038,28.846638,0.9333754045731556,0.9550154694586945,0.9636044848818434,0.9597592480258582,0.968605737781027
28.086216,27.769009,28.376406,28.681982,28.754625,0.9300824550203759,0.9535275339677753,0.960820268783719,0.9566350519212433,0.9662891517339937
28.005774,27.580803,28.123854,28.431595,28.608063,0.9350992476657806,0.9544634717058004,0.9606362620005116,0.956460994148649,0.9668480999991906
27.99221,27.560808,28.170506,28.626184,28.626003,0.9364506181924985,0.9559716082163404,0.9625351371502263,0.9583354471788695,0.9682493885405588
27.862038,27.141123,27.65868,28.132217,28.152248,0.9359488799824602,0.9550366722485338,0.9626893607710427,0.9589416311090627,0.967860973020507
28.016426,27.29039,27.789646,28.201813,28.280788,0.9391255512484747,0.957222847623846,0.9631199503442998,0.9594827693319304,0.9685051319045893
28.114805,27.409801,27.940231,28.199799,28.425571,0.9393185139021093,0.9568559973269748,0.9625974803071216,0.9584365002206117,0.9687221991721047
28.147772,27.550308,28.144691,28.427826,28.561062,0.9386607493955735,0.9560407335228915,0.9618153413126072,0.9581685066137154,0.9674241560867312
27.945234,26.993889,27.548826,27.992277,27.959927,0.9428625641125495,0.9589865959077996,0.9640699914168228,0.9620085085118597,0.9696857112968109
27.904348,27.05421,27.57478,28.175255,28.054247,0.9378662950764833,0.9584066066639242,0.9649749533235378,0.9627562048877658,0.9703724946685912
28.110558,27.385235,27.967958,28.42747,28.403286,0.9378189210644055,0.9564264026042876,0.9620619054078995,0.9592132308374747,0.9677140489062317
28.107737,27.53376,28.071209,28.364714,28.557266,0.9381020334542192,0.9562528197405938,0.9615980564927042,0.957239860343327,0.9673733784548408
28.021059,27.25034,27.837345,28.237465,28.33415,0.9380330756782953,0.9536806756710011,0.9590518986921,0.95537314619704,0.9656218601083921
27.876663,26.987839,27.542906,28.01088,27.9881,0.9358556379378261,0.9534573388537517,0.9589761050538667,0.9564515696437067,0.9656423545862299
28.08336,27.181839,27.769932,28.095953,28.190807,0.9380669828714598,0.9544968272652653,0.9593633083511589,0.9560831698813802,0.966031441162121
28.161108,27.443737,28.056318,28.349682,28.496956,0.9401179764561044,0.9556385829417822,0.9603564691517983,0.9572464383670486,0.9665359584001357
28.161243,27.71179,28.366003,28.728836,28.798416,0.9403492333243356,0.9577112993225368,0.9641797308379073,0.9601997738298813,0.968771139779303
28.118073,27.62683,28.276434,28.580471,28.714157,0.9385148194214779,0.957287711609766,0.9641135677853985,0.9609201155811228,0.9693748401953277
28.16129,27.612265,28.33981,28.686993,28.670345,0.9328515491466516,0.9540224922391559,0.9613908892697336,0.9581585562145559,0.9669839898774862
28.075653,27.636456,28.174284,28.402306,28.66034,0.9296514439378242,0.9510938897419299,0.9566884707429828,0.9522938102682617,0.9636157903014854
28.157862,27.97353,28.676857,28.776682,29.032528,0.9292446221617301,0.9524737573041155,0.9589933757050908,0.9543181961517619,0.9652100564600682
28.188734,27.924728,28.648438,28.817055,29.082878,0.9351702789062225,0.9534647547613702,0.9605289621110127,0.9555236942627063,0.9666251402345545
28.042181,27.647038,28.201988,28.318722,28.61744,0.9432279758162213,0.9598154716566618,0.9643775345475736,0.9604772713409452,0.9698367904427698
28.15121,27.737082,28.266712,28.283115,28.669033,0.9544229260749184,0.9678659273985475,0.9725888138957189,0.9694658894151266,0.9764022997712479
28.133072,27.733074,28.239553,28.199238,28.622066,0.9498016000788985,0.9639528968512977,0.9679499358325444,0.9644927625846003,0.9726077715437293
28.079044,27.41995,27.845394,27.702353,28.264103,0.9615493596986905,0.9726601983724134,0.9757579429151276,0.9727436944400139,0.9796228967242111
28.129847,27.23326,27.58856,27.40345,28.005505,0.9762724047673759,0.9824401601303022,0.9845654699168569,0.98283306611734,0.9867117691312924
28.18948,27.378233,27.746895,27.63603,28.168324,0.9769693148514622,0.9829448038012674,0.9847746818435352,0.9827467863930714,0.9871346442720784
28.039093,27.315582,27.697105,27.49399,28.018114,0.9783873034543633,0.9837363660686774,0.9852773744519696,0.9837417655084459,0.9872692956471497
27.85205,26.323074,26.776264,26.316246,26.893726,0.9842952296239542,0.98728673945513,0.9882708074699801,0.9870781732072766,0.9901015085648139
28.149242,23.13323,22.039143,22.359226,23.109734,0.9914902922649336,0.97278087695779,0.9615783157756789,0.9610159074699012,0.9702196011987261
28.130482,23.05671,22.023209,22.317375,23.07198,0.9921642392929636,0.9749140551791728,0.965204866406746,0.9644070516414505,0.9724925051430809
28.08728,22.722446,21.774067,22.14778,22.751743,0.9894255812785241,0.9654003878275166,0.9529499856794051,0.9522414708452813,0.9624390329237932
28.043388,22.842888,21.84864,22.151098,22.824425,0.992295421100533,0.9754185064137104,0.9666504310502131,0.96603779154801,0.973400188002588
28.194721,23.339268,22.37791,22.672739,23.404016,0.9925709409484225,0.9779518284542483,0.9698107992708953,0.9691724208512872,0.9761535698031126
28.193357,23.272541,22.301437,22.635519,23.292736,0.9912806802845487,0.9745335459276483,0.9653922520366229,0.9647469369197029,0.9721582001849929
28.122547,23.126448,22.315626,22.64233,23.202019,0.9912203230513997,0.9738861203986862,0.9648260309901947,0.9640802511647363,0.9718176506043267
28.01479,22.68011,21.806543,22.213612,22.780857,0.9890385416060885,0.9670945803290274,0.956484947326822,0.9558064800516098,0.9651801124301028
28.008438,22.653372,21.710997,22.05223,22.693148,0.9889514037882129,0.9640815745519744,0.9514018833261684,0.950698845031781,0.9609164875223491
27.961084,22.77672,21.959194,22.21687,22.81789,0.988188954025426,0.9623882945356826,0.9493521236288336,0.9478344473540431,0.9593668748639733
27.83495,22.932032,22.085789,22.364567,22.98829,0.9862350523500932,0.9604100869283285,0.9464371063120743,0.9451913021033725,0.9570144017037953
27.877312,22.880657,21.971645,22.31515,22.94318,0.9864507179719685,0.9618493982370384,0.9481358149277507,0.947129508107467,0.9587494510700394
27.825182,22.933357,21.951883,22.361448,22.98073,0.9838222066747814,0.95723352804642,0.9421386111139121,0.9411436817316321,0.9539612583445017
27.76747,23.114319,22.232754,22.598246,23.172298,0.9840617077970306,0.9613510132850577,0.9492883092237493,0.9482790253931638,0.9584570797946015
27.706936,22.982098,22.282303,22.607927,23.047897,0.9834513870736766,0.95822763868593,0.9458269587097857,0.9445397713302838,0.9553536519884778
27.606611,22.803474,22.05117,22.440031,22.923355,0.981642235302712,0.9541560090182679,0.939670869703669,0.9384175091380341,0.9513699123150743
27.482235,23.05164,22.444073,22.747164,23.178938,0.981022639556243,0.959176502915354,0.9474986256944267,0.9460878214519904,0.9572745311489772
27.408981,23.134518,22.381933,22.7724,23.292522,0.9801485913962992,0.9583392682112409,0.9457641607800835,0.9444819785163345,0.9569457303619108
27.314857,23.377186,22.612965,22.989555,23.487272,0.9789409830770336,0.960462756048625,0.949976311632827,0.949239244024162,0.9594724012289216
27.323013,23.362144,22.661812,23.012852,23.43793,0.9769472610034015,0.9558266695543841,0.9439657197911541,0.9429577608055769,0.9538620854873568
27.52159,23.41902,22.73141,23.056028,23.526627,0.9762468225138302,0.9498412214859105,0.9363585074741553,0.9351649526261298,0.9475211197376597
27.47222,23.436485,22.78489,23.103683,23.584919,0.97660021177443,0.9524768753177822,0.9399339719709592,0.938609514388218,0.9505736995103768
27.595322,23.502863,22.763103,23.128231,23.63697,0.9779971955947406,0.9531546704975468,0.9391727917428057,0.937905097378058,0.9502377229483849
27.458696,23.577147,22.890575,23.283504,23.757418,0.978179991036159,0.9575020170165952,0.9459655399006891,0.9450673192422465,0.9557570579691369
27.680447,23.463417,22.600803,22.985037,23.591051,0.9831012735728296,0.9611246205920946,0.94899597238725,0.9478337793570792,0.9585487334995549
27.803566,23.43541,22.635004,22.924274,23.50106,0.98351250013109,0.9592297607046398,0.9474415188475672,0.9466365524970913,0.9560952392318423
27.788279,23.295534,22.631382,22.923775,23.402916,0.9847251222971741,0.9588236874634402,0.9482261067205138,0.9469096021629472,0.95636560330684
28.115587,23.715145,22.942448,23.202667,23.745468,0.9865771337093379,0.9647212901757538,0.9545131032499319,0.9531035139126047,0.9619327368329547
28.185156,23.812,22.787458,23.107197,23.846188,0.9888160104904041,0.9712536857814813,0.9614892444686045,0.9606082673403272,0.9690021907900199
27.885206,23.713573,22.821808,23.148205,23.838942,0.9850824215267098,0.9658520346983287,0.954520749080083,0.9529784110670709,0.9641284496211742
27.914164,23.59743,22.72398,23.098408,23.656557,0.9837857528706894,0.9618540695189314,0.9494336832593385,0.9481500639217304,0.9587505319641485
27.656208,23.280725,22.495726,22.86824,23.405912,0.9814235101473006,0.9553285494360794,0.9427085631935284,0.9414761727189175,0.9526927135712364
27.776245,22.921257,22.221243,22.638927,23.050821,0.9859225332382417,0.9615096659594153,0.9511607082336293,0.9502722248164275,0.9592839498043435
27.832218,22.866411,21.994522,22.498451,22.966043,0.9859989269503775,0.9617045907065941,0.9506797088397136,0.9502554615012861,0.9591625940946554
27.833351,23.19912,22.147673,22.619495,23.349201,0.9848794363855559,0.9630856468101927,0.9505715261039099,0.9499369281376511,0.9612789026779355
27.962257,23.741362,22.881718,23.259178,23.907581,0.9867829350721823,0.9701880562772053,0.961297734565024,0.9599980531374358,0.9687963599991704
28.000256,23.974524,23.344051,23.643856,24.1688,0.988455245268386,0.9729756453985424,0.9658626824651855,0.9643133623202544,0.9715174937559402
28.039362,23.939068,23.356764,23.59884,24.094204,0.9878743994495609,0.9697240885237655,0.9620218945115169,0.9606296595994557,0.9677138108442935
28.046444,23.397486,22.537407,22.94341,23.502613,0.9804100956161417,0.948206023248901,0.933359337462161,0.9318242398663183,0.9445927616414556
27.99468,23.385162,22.553377,22.938177,23.483545,0.9817292870261891,0.9512903208256549,0.9371442071966742,0.9357205396321852,0.9479837053391924
27.947681,23.931293,23.09266,23.35085,24.07818,0.9849535019973975,0.9648156207816379,0.9541224768099692,0.9523099363994464,0.9629551836841358
27.924427,23.71234,22.846958,23.271996,23.885214,0.9831707050692133,0.9615965751683174,0.9498170373451423,0.9486593913560518,0.9595976922910873
28.181211,23.967876,23.031609,23.273384,24.042843,0.9868594419128098,0.9675480174502542,0.957588976644175,0.9560934081306592,0.9652082049602824
28.020088,23.489079,22.540216,22.928871,23.579084,0.9799553021056681,0.9492248800968842,0.933206123082944,0.9317019194196119,0.9457099487737383
28.109413,23.328129,22.35028,22.731056,23.38706,0.9810204638976053,0.9465948503187751,0.93070715583013,0.9295084484078201,0.9427738994715081
28.027065,23.40723,22.466724,22.824562,23.473316,0.9827023856910447,0.9541044530630147,0.9398619724615481,0.9383107909138648,0.9508955439143494
27.982943,23.691874,22.781029,23.231218,23.853542,0.9771785068748998,0.9477885860450723,0.9324197520982829,0.9313403905324775,0.9456401837844888
28.109459,24.016075,23.147593,23.5312,24.180986,0.977657164121107,0.9497883067976968,0.9352412244776578,0.9335660573011086,0.9474090868219991
28.122307,24.095188,23.290464,23.561512,24.189056,0.9767874745149614,0.9477774127584123,0.9329341487249372,0.9305597999321711,0.9444479481725591
28.12262,23.986195,23.100693,23.423496,24.092503,0.9777985489994525,0.9484027513284353,0.9341172754746344,0.9322087562194717,0.9451134849746312
28.012333,23.90743,23.146868,23.54506,24.05489,0.9797404871274593,0.9530581460094939,0.9413215140779112,0.9402738722041937,0.9503828250506106
28.005322,23.869213,23.092209,23.468018,24.030931,0.9789992176295682,0.9520603050529055,0.939615127778486,0.9377941075882654,0.9495635902444803
28.13803,24.081432,23.295567,23.800879,24.302252,0.9785860219157619,0.954541439593171,0.9428758455130539,0.941522609202014,0.9528862684360586
27.974918,23.865164,22.952745,23.398664,24.034311,0.979503562920081,0.9576660329703705,0.9459727343788887,0.9444542269829139,0.9559896910994456
27.906435,23.714653,22.734682,23.2174,23.852903,0.9797622565312234,0.9559718138330653,0.9435918245934031,0.9425377065987767,0.9538148723347692
28.035427,23.716278,22.765062,23.222694,23.826885,0.9820148849137549,0.9593158824864938,0.9476729605021927,0.9469212729794435,0.956908103136474
27.96843,23.250132,22.431877,22.838175,23.393286,0.9818515329613715,0.9532913056269479,0.940971390755169,0.9400872708514771,0.9512853313436915
27.930153,23.101849,22.220085,22.747643,23.3013,0.9819682210648437,0.9561668290239409,0.9438427102444898,0.9432396085556926,0.9545884625361938
28.0251,23.490433,22.566015,23.137865,23.715126,0.9788699891589266,0.9534501100086648,0.9403200936786074,0.9394525668198486,0.9522666698317781
28.11859,23.889372,22.94156,23.367174,24.055166,0.9763934406873667,0.9492078544382484,0.9356593136496251,0.9344986188853165,0.9472595903105308
28.122505,23.761103,22.842033,23.273811,23.911608,0.9766358487293708,0.9480128006910894,0.9336462108614422,0.9322338233344544,0.9457287048505358
28.096018,23.77817,22.959518,23.366558,23.950785,0.9768900741265044,0.9462391153668568,0.9321614078069779,0.9307838023022111,0.9438874171314585
28.15861,23.786224,22.986242,23.354805,23.978186,0.9747571692278784,0.9391664073604123,0.9235443144983074,0.9218428541206133,0.9368371205891655
28.126698,23.749287,22.907331,23.308437,23.936314,0.976129268164052,0.9454122032324822,0.9318004625220506,0.9303956476846568,0.9440622209664327
28.154385,23.937622,23.026402,23.501652,24.14757,0.9736128926041336,0.9445069885360019,0.9296407350803391,0.9281853590110783,0.9427576855831187
28.125786,24.120712,23.182667,23.650696,24.309635,0.9721271236824908,0.9428720209889211,0.9269501766890731,0.925392031450252,0.9407657165340719
28.090294,24.174122,23.269346,23.644121,24.3482,0.9729986126551824,0.9445906957761893,0.9291416872879189,0.9271668047339829,0.9426760031597581
28.03196,23.773655,22.862331,23.280342,23.936941,0.974181501756256,0.9430800580639214,0.9266973100214473,0.92501828141317,0.9407093518244141
28.082794,23.804014,22.917173,23.308224,23.951254,0.972733553075233,0.9375951103767961,0.9213921646975995,0.9195145391846837,0.935297101494239
28.06033,24.019735,23.21304,23.610977,24.232174,0.9741058789712653,0.9427399189614875,0.9285111579092,0.9262949806918289,0.9408847236501956
28.144756,23.927284,22.982239,23.416117,24.136501,0.9722652964369732,0.9407514098579112,0.9245357897657045,0.923333145976884,0.9392433828203692
28.01978,24.12487,23.204079,23.55297,24.316982,0.9699491647724015,0.9386397684029139,0.9217116581517314,0.9196568456296729,0.9371746640117712
28.02869,24.117613,23.130375,23.480686,24.262314,0.9708572293642398,0.9403941266407475,0.9230873603764485,0.9210781123171603,0.9382279964455145
27.958735,24.077475,23.036179,23.306559,24.17128,0.9696217782165827,0.9351889499106872,0.9150522534706603,0.9120878117113446,0.9317801221034334
27.944592,23.709343,22.798698,22.994108,23.783398,0.9743047313108405,0.9378258147130625,0.9196432105622501,0.9175825136916026,0.9344371932743397
27.991737,23.482857,22.52385,22.73259,23.559765,0.9814767407076429,0.9527890838310037,0.9388160847534772,0.937419024035564,0.9502859654253892
28.027672,23.710163,22.724117,22.914808,23.735502,0.9789608194299666,0.9520033642175186,0.938147328405943,0.9365723226116012,0.9493030844802033
27.91599,23.338554,22.261307,22.42361,23.287394,0.9837620498018277,0.9620488967248847,0.9504448722669562,0.9495341932162967,0.9596527369513919
27.934664,22.880995,21.633526,21.695042,22.733297,0.9917902200059224,0.9782920946024668,0.9705379983460378,0.9700282197403,0.976668626680506
27.387955,25.014364,24.876291,24.982761,25.459846,0.9860857322797647,0.985645917537028,0.9845466591710474,0.9837288791080824,0.9872671598720605
27.497334,25.6337,25.5665,25.683464,26.055536,0.985413725074919,0.9877433656199806,0.9878867669710357,0.9870182069283262,0.9897500400290655
27.411858,25.177362,25.074194,25.138485,25.633327,0.9826686415006463,0.9829562759909567,0.9819664602141783,0.9812893807873496,0.9852600876566617
27.56582,26.137833,26.007027,26.144503,26.70277,0.98578454941317,0.9865111923511192,0.9862019191705083,0.9849434064360122,0.9884638740445418
27.516222,25.501308,25.486183,25.5667,26.05273,0.9845145495240948,0.9851552810392535,0.9848738187063927,0.9838438765627366,0.9874034936557478
27.513464,25.23151,25.327578,25.401207,25.776281,0.9838343855438749,0.9846043839784923,0.9846151648635201,0.983828235639228,0.9869226211306925
27.369492,24.860842,24.578392,24.726803,25.331228,0.9821531968384924,0.9822922581473732,0.9813109664984555,0.9800811545369963,0.9848536160320152
27.278654,24.473385,24.3637,24.445919,24.962786,0.9806172907728183,0.97941433470842,0.9778037122918475,0.9771559690551234,0.982100680868522
27.286392,24.73621,24.670345,24.736422,25.19869,0.9794960183436047,0.9804194692007978,0.9791760731606509,0.9778629065386194,0.9830679939085376
27.433365,24.955751,24.900913,24.903019,25.450832,0.9784288660972082,0.9792734533354551,0.9782966509501327,0.9768346197112866,0.9825321421013565
27.467476,24.847067,24.7112,24.960634,25.336512,0.9777597319698201,0.9780091468954999,0.9771963449221188,0.9761887994965762,0.9809350792333889
27.32571,24.716396,24.295118,24.59201,25.20976,0.9832959332455058,0.9826652133254853,0.9811479041396256,0.9806910104986812,0.9850094280419099
27.435642,24.800797,24.480772,24.579834,25.273514,0.9877118325110402,0.9874689883917068,0.9866751780869275,0.9861625484210451,0.9892700529874985
27.40131,24.750357,24.346762,24.382753,25.159794,0.9881582179390538,0.9865616088654421,0.9844204495121684,0.9838687432742035,0.9879711033457557
27.494587,25.014072,24.81733,24.719078,25.40735,0.9831850080111983,0.9842072111351488,0.9833212936024598,0.9824041990992,0.9863874720409717
27.5005,25.350098,25.174904,25.088413,25.830101,0.9792097532738839,0.9805147672518821,0.9795562934791087,0.9783250325828695,0.9834517603091608
27.591438,25.171976,24.896389,24.915882,25.609646,0.9808302680469144,0.9804269732628145,0.9792682054090321,0.9783886049037844,0.9831081091817603
27.562809,25.1636,24.798737,24.79029,25.621685,0.9840799628578748,0.9834963648500529,0.981789332928251,0.9809842973176789,0.985675431995507
27.480225,25.309849,24.918127,24.968336,25.784843,0.9822037513326001,0.9822774131690442,0.9801867860914265,0.979233122381636,0.9844900997063913
27.560287,25.537346,25.145676,25.020597,25.972654,0.9856361515653459,0.9853947461046426,0.9834822263380638,0.9824768856952788,0.9869797881764087
27.527792,25.573635,25.369328,25.18297,26.054478,0.9843545333642825,0.9847066404980948,0.9833890199782456,0.9822435466281557,0.9868496703970311
27.664162,25.729305,25.465706,25.193653,26.177979,0.9800119052033448,0.9802651604386576,0.9785485506581185,0.9766418704950661,0.9828237642097043
27.690113,26.18272,25.939133,25.65097,26.669346,0.9812408394263129,0.9807061019779545,0.9785443564743667,0.9764058880444101,0.9829935483350691
27.446781,25.580364,25.349892,25.270012,26.021338,0.9767929713220178,0.977790577832627,0.97629554621142,0.9747671833580693,0.980857080710785
27.446802,24.783861,24.478443,24.279173,25.058813,0.9787897963202715,0.9797138962606882,0.9777246975913665,0.9766545779059367,0.9821662118766354
27.24796,23.873772,23.648449,23.323992,24.016306,0.9822895321996475,0.9823528493051124,0.9806743885258159,0.9793679156398145,0.9842154265905235
